"periods","k","y","c","sy","A","L","L_A","g","lnk","lny","lnc","gy"
0,1,0.973,0.73,0.243,1,1,0.04,NA,0,-0.027,-0.315,NA
1,1.042,0.986,0.74,0.247,1.076,1.02,0.041,0.076,0.114,0.059,-0.228,0.087
2,1.079,0.998,0.748,0.249,1.157,1.04,0.042,0.075,0.222,0.144,-0.144,0.084
3,1.114,1.008,0.756,0.252,1.243,1.061,0.042,0.074,0.326,0.226,-0.062,0.082
4,1.146,1.018,0.763,0.254,1.335,1.082,0.043,0.074,0.425,0.306,0.019,0.08
5,1.175,1.026,0.77,0.257,1.432,1.104,0.044,0.073,0.52,0.385,0.097,0.079
6,1.201,1.034,0.775,0.258,1.536,1.126,0.045,0.072,0.612,0.462,0.175,0.077
7,1.225,1.041,0.78,0.26,1.646,1.149,0.046,0.072,0.702,0.538,0.25,0.076
8,1.248,1.047,0.785,0.262,1.763,1.172,0.047,0.071,0.788,0.613,0.325,0.074
9,1.268,1.052,0.789,0.263,1.887,1.195,0.048,0.07,0.873,0.686,0.398,0.073
10,1.287,1.058,0.793,0.264,2.018,1.219,0.049,0.07,0.955,0.758,0.47,0.072
11,1.305,1.062,0.797,0.266,2.157,1.243,0.05,0.069,1.035,0.829,0.542,0.071
12,1.321,1.067,0.8,0.267,2.305,1.268,0.051,0.069,1.114,0.9,0.612,0.07
13,1.336,1.071,0.803,0.268,2.462,1.294,0.052,0.068,1.191,0.969,0.682,0.07
14,1.35,1.074,0.806,0.269,2.628,1.319,0.053,0.067,1.267,1.038,0.75,0.069
15,1.364,1.078,0.808,0.269,2.804,1.346,0.054,0.067,1.341,1.106,0.818,0.068
16,1.376,1.081,0.811,0.27,2.991,1.373,0.055,0.066,1.415,1.173,0.886,0.067
17,1.387,1.084,0.813,0.271,3.188,1.4,0.056,0.066,1.487,1.24,0.952,0.067
18,1.398,1.087,0.815,0.272,3.397,1.428,0.057,0.066,1.558,1.306,1.019,0.066
19,1.408,1.089,0.817,0.272,3.619,1.457,0.058,0.065,1.628,1.372,1.084,0.065
20,1.418,1.092,0.819,0.273,3.853,1.486,0.059,0.065,1.698,1.437,1.149,0.065
21,1.427,1.094,0.821,0.274,4.101,1.516,0.061,0.064,1.767,1.501,1.213,0.064
22,1.436,1.096,0.822,0.274,4.363,1.546,0.062,0.064,1.835,1.565,1.277,0.064
23,1.444,1.098,0.824,0.275,4.64,1.577,0.063,0.064,1.902,1.628,1.341,0.063
24,1.451,1.1,0.825,0.275,4.933,1.608,0.064,0.063,1.968,1.691,1.404,0.063
25,1.459,1.102,0.827,0.276,5.242,1.641,0.066,0.063,2.034,1.754,1.466,0.063
26,1.466,1.104,0.828,0.276,5.57,1.673,0.067,0.062,2.1,1.816,1.528,0.062
27,1.472,1.106,0.829,0.276,5.916,1.707,0.068,0.062,2.164,1.878,1.59,0.062
28,1.479,1.107,0.83,0.277,6.281,1.741,0.07,0.062,2.229,1.939,1.652,0.061
29,1.485,1.109,0.831,0.277,6.667,1.776,0.071,0.061,2.293,2,1.713,0.061
30,1.491,1.11,0.833,0.278,7.075,1.811,0.072,0.061,2.356,2.061,1.773,0.061
31,1.496,1.111,0.834,0.278,7.505,1.848,0.074,0.061,2.419,2.121,1.834,0.06
32,1.502,1.113,0.835,0.278,7.959,1.885,0.075,0.061,2.481,2.181,1.894,0.06
33,1.507,1.114,0.836,0.279,8.439,1.922,0.077,0.06,2.543,2.241,1.953,0.06
34,1.512,1.115,0.836,0.279,8.945,1.961,0.078,0.06,2.605,2.3,2.013,0.059
35,1.517,1.116,0.837,0.279,9.479,2,0.08,0.06,2.666,2.359,2.072,0.059
36,1.522,1.118,0.838,0.279,10.042,2.04,0.082,0.059,2.727,2.418,2.13,0.059
37,1.526,1.119,0.839,0.28,10.637,2.081,0.083,0.059,2.787,2.477,2.189,0.058
38,1.531,1.12,0.84,0.28,11.264,2.122,0.085,0.059,2.847,2.535,2.247,0.058
39,1.535,1.121,0.841,0.28,11.925,2.165,0.087,0.059,2.907,2.593,2.305,0.058
40,1.539,1.122,0.841,0.28,12.622,2.208,0.088,0.058,2.967,2.65,2.363,0.058
41,1.543,1.123,0.842,0.281,13.357,2.252,0.09,0.058,3.026,2.708,2.42,0.057
42,1.547,1.124,0.843,0.281,14.132,2.297,0.092,0.058,3.085,2.765,2.477,0.057
43,1.551,1.125,0.843,0.281,14.948,2.343,0.094,0.058,3.143,2.822,2.534,0.057
44,1.555,1.126,0.844,0.281,15.809,2.39,0.096,0.058,3.202,2.879,2.591,0.057
45,1.558,1.126,0.845,0.282,16.715,2.438,0.098,0.057,3.26,2.935,2.648,0.057
46,1.562,1.127,0.845,0.282,17.671,2.487,0.099,0.057,3.318,2.992,2.704,0.056
47,1.565,1.128,0.846,0.282,18.677,2.536,0.101,0.057,3.375,3.048,2.76,0.056
48,1.568,1.129,0.847,0.282,19.737,2.587,0.103,0.057,3.433,3.104,2.816,0.056
49,1.572,1.13,0.847,0.282,20.854,2.639,0.106,0.057,3.49,3.159,2.872,0.056
50,1.575,1.13,0.848,0.283,22.03,2.692,0.108,0.056,3.547,3.215,2.927,0.056
51,1.578,1.131,0.848,0.283,23.268,2.745,0.11,0.056,3.603,3.27,2.983,0.055
52,1.581,1.132,0.849,0.283,24.572,2.8,0.112,0.056,3.66,3.325,3.038,0.055
53,1.584,1.132,0.849,0.283,25.944,2.856,0.114,0.056,3.716,3.38,3.093,0.055
54,1.587,1.133,0.85,0.283,27.389,2.913,0.117,0.056,3.772,3.435,3.147,0.055
55,1.59,1.134,0.85,0.283,28.909,2.972,0.119,0.056,3.828,3.49,3.202,0.055
56,1.592,1.134,0.851,0.284,30.51,3.031,0.121,0.055,3.883,3.544,3.257,0.054
57,1.595,1.135,0.851,0.284,32.194,3.092,0.124,0.055,3.939,3.598,3.311,0.054
58,1.598,1.136,0.852,0.284,33.966,3.154,0.126,0.055,3.994,3.653,3.365,0.054
59,1.6,1.136,0.852,0.284,35.831,3.217,0.129,0.055,4.049,3.707,3.419,0.054
60,1.603,1.137,0.853,0.284,37.792,3.281,0.131,0.055,4.104,3.76,3.473,0.054
61,1.605,1.137,0.853,0.284,39.856,3.347,0.134,0.055,4.158,3.814,3.526,0.054
62,1.608,1.138,0.854,0.285,42.026,3.414,0.137,0.054,4.213,3.868,3.58,0.054
63,1.61,1.139,0.854,0.285,44.309,3.482,0.139,0.054,4.267,3.921,3.633,0.053
64,1.612,1.139,0.854,0.285,46.71,3.551,0.142,0.054,4.322,3.974,3.687,0.053
65,1.614,1.14,0.855,0.285,49.235,3.623,0.145,0.054,4.376,4.027,3.74,0.053
66,1.617,1.14,0.855,0.285,51.89,3.695,0.148,0.054,4.429,4.08,3.793,0.053
67,1.619,1.141,0.856,0.285,54.681,3.769,0.151,0.054,4.483,4.133,3.845,0.053
68,1.621,1.141,0.856,0.285,57.615,3.844,0.154,0.054,4.537,4.186,3.898,0.053
69,1.623,1.142,0.856,0.285,60.7,3.921,0.157,0.054,4.59,4.238,3.951,0.053
70,1.625,1.142,0.857,0.286,63.943,4,0.16,0.053,4.644,4.291,4.003,0.052
71,1.627,1.143,0.857,0.286,67.352,4.08,0.163,0.053,4.697,4.343,4.056,0.052
72,1.629,1.143,0.857,0.286,70.934,4.161,0.166,0.053,4.75,4.395,4.108,0.052
73,1.631,1.143,0.858,0.286,74.699,4.244,0.17,0.053,4.803,4.448,4.16,0.052
74,1.633,1.144,0.858,0.286,78.656,4.329,0.173,0.053,4.855,4.5,4.212,0.052
75,1.635,1.144,0.858,0.286,82.813,4.416,0.177,0.053,4.908,4.551,4.264,0.052
76,1.637,1.145,0.859,0.286,87.181,4.504,0.18,0.053,4.961,4.603,4.316,0.052
77,1.638,1.145,0.859,0.286,91.771,4.594,0.184,0.053,5.013,4.655,4.367,0.052
78,1.64,1.146,0.859,0.286,96.593,4.686,0.187,0.053,5.065,4.706,4.419,0.052
79,1.642,1.146,0.859,0.286,101.658,4.78,0.191,0.052,5.117,4.758,4.47,0.051
80,1.644,1.146,0.86,0.287,106.979,4.875,0.195,0.052,5.17,4.809,4.522,0.051
81,1.645,1.147,0.86,0.287,112.567,4.973,0.199,0.052,5.221,4.861,4.573,0.051
82,1.647,1.147,0.86,0.287,118.437,5.072,0.203,0.052,5.273,4.912,4.624,0.051
83,1.648,1.148,0.861,0.287,124.602,5.174,0.207,0.052,5.325,4.963,4.675,0.051
84,1.65,1.148,0.861,0.287,131.077,5.277,0.211,0.052,5.377,5.014,4.726,0.051
85,1.652,1.148,0.861,0.287,137.876,5.383,0.215,0.052,5.428,5.065,4.777,0.051
86,1.653,1.149,0.861,0.287,145.015,5.491,0.22,0.052,5.48,5.115,4.828,0.051
87,1.655,1.149,0.862,0.287,152.511,5.6,0.224,0.052,5.531,5.166,4.878,0.051
88,1.656,1.149,0.862,0.287,160.382,5.712,0.228,0.052,5.582,5.217,4.929,0.051
89,1.658,1.15,0.862,0.287,168.645,5.827,0.233,0.052,5.633,5.267,4.98,0.051
90,1.659,1.15,0.862,0.287,177.32,5.943,0.238,0.051,5.684,5.318,5.03,0.05
91,1.66,1.15,0.863,0.288,186.427,6.062,0.242,0.051,5.735,5.368,5.08,0.05
92,1.662,1.151,0.863,0.288,195.987,6.183,0.247,0.051,5.786,5.418,5.131,0.05
93,1.663,1.151,0.863,0.288,206.022,6.307,0.252,0.051,5.837,5.468,5.181,0.05
94,1.664,1.151,0.863,0.288,216.554,6.433,0.257,0.051,5.887,5.519,5.231,0.05
95,1.666,1.151,0.864,0.288,227.608,6.562,0.262,0.051,5.938,5.569,5.281,0.05
96,1.667,1.152,0.864,0.288,239.21,6.693,0.268,0.051,5.988,5.619,5.331,0.05
97,1.668,1.152,0.864,0.288,251.386,6.827,0.273,0.051,6.039,5.669,5.381,0.05
98,1.67,1.152,0.864,0.288,264.163,6.963,0.279,0.051,6.089,5.718,5.431,0.05
99,1.671,1.153,0.864,0.288,277.57,7.103,0.284,0.051,6.139,5.768,5.48,0.05
100,1.672,1.153,0.865,0.288,291.639,7.245,0.29,0.051,6.189,5.818,5.53,0.05
101,1.673,1.153,0.865,0.288,306.401,7.39,0.296,0.051,6.24,5.867,5.58,0.05
102,1.674,1.153,0.865,0.288,321.89,7.537,0.301,0.051,6.29,5.917,5.629,0.05
103,1.675,1.154,0.865,0.288,338.14,7.688,0.308,0.05,6.34,5.966,5.679,0.049
104,1.677,1.154,0.865,0.288,355.188,7.842,0.314,0.05,6.389,6.016,5.728,0.049
105,1.678,1.154,0.866,0.289,373.074,7.999,0.32,0.05,6.439,6.065,5.777,0.049
106,1.679,1.154,0.866,0.289,391.836,8.159,0.326,0.05,6.489,6.114,5.827,0.049
107,1.68,1.155,0.866,0.289,411.517,8.322,0.333,0.05,6.539,6.164,5.876,0.049
108,1.681,1.155,0.866,0.289,432.162,8.488,0.34,0.05,6.588,6.213,5.925,0.049
109,1.682,1.155,0.866,0.289,453.816,8.658,0.346,0.05,6.638,6.262,5.974,0.049
110,1.683,1.155,0.867,0.289,476.529,8.831,0.353,0.05,6.687,6.311,6.023,0.049
111,1.684,1.156,0.867,0.289,500.35,9.008,0.36,0.05,6.736,6.36,6.072,0.049
112,1.685,1.156,0.867,0.289,525.334,9.188,0.368,0.05,6.786,6.409,6.121,0.049
113,1.686,1.156,0.867,0.289,551.536,9.372,0.375,0.05,6.835,6.458,6.17,0.049
114,1.687,1.156,0.867,0.289,579.013,9.559,0.382,0.05,6.884,6.507,6.219,0.049
115,1.688,1.156,0.867,0.289,607.828,9.75,0.39,0.05,6.933,6.555,6.268,0.049
116,1.689,1.157,0.868,0.289,638.044,9.945,0.398,0.05,6.982,6.604,6.316,0.049
117,1.69,1.157,0.868,0.289,669.729,10.144,0.406,0.05,7.031,6.653,6.365,0.049
118,1.691,1.157,0.868,0.289,702.951,10.347,0.414,0.05,7.08,6.701,6.414,0.049
119,1.691,1.157,0.868,0.289,737.786,10.554,0.422,0.05,7.129,6.75,6.462,0.049
120,1.692,1.158,0.868,0.289,774.31,10.765,0.431,0.05,7.178,6.798,6.511,0.048
121,1.693,1.158,0.868,0.289,812.603,10.98,0.439,0.049,7.227,6.847,6.559,0.048
122,1.694,1.158,0.868,0.289,852.75,11.2,0.448,0.049,7.276,6.895,6.607,0.048
123,1.695,1.158,0.869,0.29,894.839,11.424,0.457,0.049,7.324,6.943,6.656,0.048
124,1.696,1.158,0.869,0.29,938.963,11.653,0.466,0.049,7.373,6.992,6.704,0.048
125,1.697,1.158,0.869,0.29,985.219,11.886,0.475,0.049,7.421,7.04,6.752,0.048
126,1.697,1.159,0.869,0.29,1033.708,12.123,0.485,0.049,7.47,7.088,6.8,0.048
127,1.698,1.159,0.869,0.29,1084.536,12.366,0.495,0.049,7.518,7.136,6.849,0.048
128,1.699,1.159,0.869,0.29,1137.815,12.613,0.505,0.049,7.567,7.184,6.897,0.048
129,1.7,1.159,0.869,0.29,1193.661,12.865,0.515,0.049,7.615,7.232,6.945,0.048
130,1.7,1.159,0.869,0.29,1252.196,13.123,0.525,0.049,7.664,7.28,6.993,0.048
131,1.701,1.16,0.87,0.29,1313.548,13.385,0.535,0.049,7.712,7.328,7.041,0.048
132,1.702,1.16,0.87,0.29,1377.85,13.653,0.546,0.049,7.76,7.376,7.089,0.048
133,1.703,1.16,0.87,0.29,1445.243,13.926,0.557,0.049,7.808,7.424,7.137,0.048
134,1.703,1.16,0.87,0.29,1515.872,14.204,0.568,0.049,7.856,7.472,7.184,0.048
135,1.704,1.16,0.87,0.29,1589.892,14.488,0.58,0.049,7.904,7.52,7.232,0.048
136,1.705,1.16,0.87,0.29,1667.463,14.778,0.591,0.049,7.952,7.568,7.28,0.048
137,1.705,1.16,0.87,0.29,1748.754,15.074,0.603,0.049,8,7.615,7.328,0.048
138,1.706,1.161,0.87,0.29,1833.939,15.375,0.615,0.049,8.048,7.663,7.375,0.048
139,1.707,1.161,0.871,0.29,1923.204,15.683,0.627,0.049,8.096,7.711,7.423,0.048
140,1.707,1.161,0.871,0.29,2016.742,15.996,0.64,0.049,8.144,7.758,7.471,0.048
141,1.708,1.161,0.871,0.29,2114.754,16.316,0.653,0.049,8.192,7.806,7.518,0.048
142,1.709,1.161,0.871,0.29,2217.453,16.643,0.666,0.049,8.24,7.854,7.566,0.048
143,1.709,1.161,0.871,0.29,2325.059,16.976,0.679,0.049,8.288,7.901,7.613,0.048
144,1.71,1.161,0.871,0.29,2437.804,17.315,0.693,0.048,8.335,7.949,7.661,0.047
145,1.711,1.162,0.871,0.29,2555.93,17.661,0.706,0.048,8.383,7.996,7.708,0.047
146,1.711,1.162,0.871,0.29,2679.693,18.015,0.721,0.048,8.431,8.043,7.756,0.047
147,1.712,1.162,0.871,0.29,2809.357,18.375,0.735,0.048,8.478,8.091,7.803,0.047
148,1.712,1.162,0.872,0.291,2945.201,18.742,0.75,0.048,8.526,8.138,7.85,0.047
149,1.713,1.162,0.872,0.291,3087.516,19.117,0.765,0.048,8.573,8.185,7.898,0.047
150,1.714,1.162,0.872,0.291,3236.607,19.5,0.78,0.048,8.621,8.233,7.945,0.047
151,1.714,1.162,0.872,0.291,3392.793,19.89,0.796,0.048,8.668,8.28,7.992,0.047
152,1.715,1.163,0.872,0.291,3556.409,20.287,0.811,0.048,8.716,8.327,8.039,0.047
153,1.715,1.163,0.872,0.291,3727.803,20.693,0.828,0.048,8.763,8.374,8.087,0.047
154,1.716,1.163,0.872,0.291,3907.342,21.107,0.844,0.048,8.81,8.421,8.134,0.047
155,1.716,1.163,0.872,0.291,4095.41,21.529,0.861,0.048,8.858,8.469,8.181,0.047
156,1.717,1.163,0.872,0.291,4292.406,21.96,0.878,0.048,8.905,8.516,8.228,0.047
157,1.717,1.163,0.872,0.291,4498.751,22.399,0.896,0.048,8.952,8.563,8.275,0.047
158,1.718,1.163,0.872,0.291,4714.885,22.847,0.914,0.048,9,8.61,8.322,0.047
159,1.718,1.163,0.873,0.291,4941.266,23.304,0.932,0.048,9.047,8.657,8.369,0.047
160,1.719,1.163,0.873,0.291,5178.376,23.77,0.951,0.048,9.094,8.704,8.416,0.047
161,1.719,1.164,0.873,0.291,5426.718,24.245,0.97,0.048,9.141,8.751,8.463,0.047
162,1.72,1.164,0.873,0.291,5686.821,24.73,0.989,0.048,9.188,8.797,8.51,0.047
163,1.72,1.164,0.873,0.291,5959.235,25.225,1.009,0.048,9.235,8.844,8.557,0.047
164,1.721,1.164,0.873,0.291,6244.537,25.729,1.029,0.048,9.282,8.891,8.604,0.047
165,1.721,1.164,0.873,0.291,6543.333,26.244,1.05,0.048,9.329,8.938,8.65,0.047
166,1.722,1.164,0.873,0.291,6856.255,26.769,1.071,0.048,9.376,8.985,8.697,0.047
167,1.722,1.164,0.873,0.291,7183.964,27.304,1.092,0.048,9.423,9.032,8.744,0.047
168,1.723,1.164,0.873,0.291,7527.153,27.85,1.114,0.048,9.47,9.078,8.791,0.047
169,1.723,1.164,0.873,0.291,7886.548,28.407,1.136,0.048,9.517,9.125,8.837,0.047
170,1.723,1.164,0.873,0.291,8262.906,28.975,1.159,0.048,9.564,9.172,8.884,0.047
171,1.724,1.165,0.873,0.291,8657.022,29.555,1.182,0.048,9.611,9.218,8.931,0.047
172,1.724,1.165,0.874,0.291,9069.727,30.146,1.206,0.048,9.658,9.265,8.977,0.047
173,1.725,1.165,0.874,0.291,9501.89,30.749,1.23,0.048,9.704,9.312,9.024,0.047
174,1.725,1.165,0.874,0.291,9954.421,31.364,1.255,0.048,9.751,9.358,9.071,0.047
175,1.726,1.165,0.874,0.291,10428.272,31.991,1.28,0.048,9.798,9.405,9.117,0.047
176,1.726,1.165,0.874,0.291,10924.441,32.631,1.305,0.048,9.845,9.452,9.164,0.047
177,1.726,1.165,0.874,0.291,11443.97,33.284,1.331,0.048,9.891,9.498,9.21,0.047
178,1.727,1.165,0.874,0.291,11987.949,33.949,1.358,0.048,9.938,9.545,9.257,0.047
179,1.727,1.165,0.874,0.291,12557.522,34.628,1.385,0.048,9.985,9.591,9.303,0.046
180,1.728,1.165,0.874,0.291,13153.883,35.321,1.413,0.047,10.031,9.638,9.35,0.046
181,1.728,1.165,0.874,0.291,13778.283,36.027,1.441,0.047,10.078,9.684,9.396,0.046
182,1.728,1.166,0.874,0.291,14432.03,36.748,1.47,0.047,10.124,9.73,9.443,0.046
183,1.729,1.166,0.874,0.291,15116.493,37.483,1.499,0.047,10.171,9.777,9.489,0.046
184,1.729,1.166,0.874,0.291,15833.106,38.232,1.529,0.047,10.217,9.823,9.536,0.046
185,1.729,1.166,0.874,0.291,16583.367,38.997,1.56,0.047,10.264,9.87,9.582,0.046
186,1.73,1.166,0.874,0.291,17368.846,39.777,1.591,0.047,10.31,9.916,9.628,0.046
187,1.73,1.166,0.874,0.291,18191.183,40.573,1.623,0.047,10.357,9.962,9.675,0.046
188,1.73,1.166,0.875,0.292,19052.098,41.384,1.655,0.047,10.403,10.009,9.721,0.046
189,1.731,1.166,0.875,0.292,19953.387,42.212,1.688,0.047,10.45,10.055,9.767,0.046
190,1.731,1.166,0.875,0.292,20896.931,43.056,1.722,0.047,10.496,10.101,9.813,0.046
191,1.731,1.166,0.875,0.292,21884.698,43.917,1.757,0.047,10.542,10.147,9.86,0.046
192,1.732,1.166,0.875,0.292,22918.748,44.795,1.792,0.047,10.589,10.194,9.906,0.046
193,1.732,1.166,0.875,0.292,24001.233,45.691,1.828,0.047,10.635,10.24,9.952,0.046
194,1.732,1.166,0.875,0.292,25134.41,46.605,1.864,0.047,10.681,10.286,9.998,0.046
195,1.733,1.167,0.875,0.292,26320.637,47.537,1.901,0.047,10.728,10.332,10.044,0.046
196,1.733,1.167,0.875,0.292,27562.381,48.488,1.94,0.047,10.774,10.378,10.091,0.046
197,1.733,1.167,0.875,0.292,28862.225,49.458,1.978,0.047,10.82,10.424,10.137,0.046
198,1.734,1.167,0.875,0.292,30222.872,50.447,2.018,0.047,10.867,10.471,10.183,0.046
199,1.734,1.167,0.875,0.292,31647.147,51.456,2.058,0.047,10.913,10.517,10.229,0.046
200,1.734,1.167,0.875,0.292,33138.009,52.485,2.099,0.047,10.959,10.563,10.275,0.046
201,1.735,1.167,0.875,0.292,34698.553,53.535,2.141,0.047,11.005,10.609,10.321,0.046
202,1.735,1.167,0.875,0.292,36332.015,54.605,2.184,0.047,11.051,10.655,10.367,0.046
203,1.735,1.167,0.875,0.292,38041.785,55.697,2.228,0.047,11.097,10.701,10.413,0.046
204,1.735,1.167,0.875,0.292,39831.407,56.811,2.272,0.047,11.144,10.747,10.459,0.046
205,1.736,1.167,0.875,0.292,41704.588,57.948,2.318,0.047,11.19,10.793,10.505,0.046
206,1.736,1.167,0.875,0.292,43665.209,59.107,2.364,0.047,11.236,10.839,10.551,0.046
207,1.736,1.167,0.875,0.292,45717.328,60.289,2.412,0.047,11.282,10.885,10.597,0.046
208,1.736,1.167,0.876,0.292,47865.194,61.494,2.46,0.047,11.328,10.931,10.643,0.046
209,1.737,1.167,0.876,0.292,50113.249,62.724,2.509,0.047,11.374,10.977,10.689,0.046
210,1.737,1.167,0.876,0.292,52466.142,63.979,2.559,0.047,11.42,11.023,10.735,0.046
211,1.737,1.168,0.876,0.292,54928.737,65.258,2.61,0.047,11.466,11.069,10.781,0.046
212,1.737,1.168,0.876,0.292,57506.121,66.564,2.663,0.047,11.512,11.115,10.827,0.046
213,1.738,1.168,0.876,0.292,60203.618,67.895,2.716,0.047,11.558,11.16,10.873,0.046
214,1.738,1.168,0.876,0.292,63026.797,69.253,2.77,0.047,11.604,11.206,10.919,0.046
215,1.738,1.168,0.876,0.292,65981.486,70.638,2.826,0.047,11.65,11.252,10.965,0.046
216,1.738,1.168,0.876,0.292,69073.779,72.051,2.882,0.047,11.696,11.298,11.01,0.046
217,1.739,1.168,0.876,0.292,72310.054,73.492,2.94,0.047,11.742,11.344,11.056,0.046
218,1.739,1.168,0.876,0.292,75696.982,74.961,2.998,0.047,11.788,11.39,11.102,0.046
219,1.739,1.168,0.876,0.292,79241.543,76.461,3.058,0.047,11.834,11.436,11.148,0.046
220,1.739,1.168,0.876,0.292,82951.04,77.99,3.12,0.047,11.88,11.481,11.194,0.046
221,1.74,1.168,0.876,0.292,86833.111,79.55,3.182,0.047,11.925,11.527,11.239,0.046
222,1.74,1.168,0.876,0.292,90895.747,81.141,3.246,0.047,11.971,11.573,11.285,0.046
223,1.74,1.168,0.876,0.292,95147.309,82.763,3.311,0.047,12.017,11.619,11.331,0.046
224,1.74,1.168,0.876,0.292,99596.544,84.419,3.377,0.047,12.063,11.664,11.377,0.046
225,1.741,1.168,0.876,0.292,104252.6,86.107,3.444,0.047,12.109,11.71,11.422,0.046
226,1.741,1.168,0.876,0.292,109125.05,87.829,3.513,0.047,12.155,11.756,11.468,0.046
227,1.741,1.168,0.876,0.292,114223.907,89.586,3.583,0.047,12.2,11.802,11.514,0.046
228,1.741,1.168,0.876,0.292,119559.646,91.377,3.655,0.047,12.246,11.847,11.56,0.046
229,1.741,1.168,0.876,0.292,125143.225,93.205,3.728,0.047,12.292,11.893,11.605,0.046
230,1.742,1.169,0.876,0.292,130986.109,95.069,3.803,0.047,12.338,11.939,11.651,0.046
231,1.742,1.169,0.876,0.292,137100.289,96.971,3.879,0.047,12.383,11.984,11.697,0.046
232,1.742,1.169,0.876,0.292,143498.311,98.91,3.956,0.047,12.429,12.03,11.742,0.046
233,1.742,1.169,0.876,0.292,150193.298,100.888,4.036,0.047,12.475,12.076,11.788,0.046
234,1.742,1.169,0.877,0.292,157198.978,102.906,4.116,0.047,12.521,12.121,11.833,0.046
235,1.743,1.169,0.877,0.292,164529.712,104.964,4.199,0.047,12.566,12.167,11.879,0.046
236,1.743,1.169,0.877,0.292,172200.524,107.063,4.283,0.047,12.612,12.212,11.925,0.046
237,1.743,1.169,0.877,0.292,180227.129,109.205,4.368,0.047,12.658,12.258,11.97,0.046
238,1.743,1.169,0.877,0.292,188625.967,111.389,4.456,0.047,12.703,12.304,12.016,0.046
239,1.743,1.169,0.877,0.292,197414.233,113.616,4.545,0.047,12.749,12.349,12.061,0.046
240,1.744,1.169,0.877,0.292,206609.918,115.889,4.636,0.047,12.794,12.395,12.107,0.046
241,1.744,1.169,0.877,0.292,216231.839,118.207,4.728,0.047,12.84,12.44,12.153,0.046
242,1.744,1.169,0.877,0.292,226299.681,120.571,4.823,0.047,12.886,12.486,12.198,0.046
243,1.744,1.169,0.877,0.292,236834.034,122.982,4.919,0.047,12.931,12.531,12.244,0.046
244,1.744,1.169,0.877,0.292,247856.439,125.442,5.018,0.047,12.977,12.577,12.289,0.046
245,1.744,1.169,0.877,0.292,259389.426,127.951,5.118,0.047,13.022,12.622,12.335,0.046
246,1.745,1.169,0.877,0.292,271456.564,130.51,5.22,0.047,13.068,12.668,12.38,0.046
247,1.745,1.169,0.877,0.292,284082.507,133.12,5.325,0.047,13.114,12.713,12.426,0.045
248,1.745,1.169,0.877,0.292,297293.044,135.782,5.431,0.047,13.159,12.759,12.471,0.045
249,1.745,1.169,0.877,0.292,311115.151,138.498,5.54,0.046,13.205,12.804,12.517,0.045
250,1.745,1.169,0.877,0.292,325577.044,141.268,5.651,0.046,13.25,12.85,12.562,0.045
251,1.745,1.169,0.877,0.292,340708.241,144.093,5.764,0.046,13.296,12.895,12.608,0.045
252,1.746,1.169,0.877,0.292,356539.617,146.975,5.879,0.046,13.341,12.941,12.653,0.045
253,1.746,1.169,0.877,0.292,373103.465,149.914,5.997,0.046,13.387,12.986,12.698,0.045
254,1.746,1.169,0.877,0.292,390433.569,152.913,6.117,0.046,13.432,13.032,12.744,0.045
255,1.746,1.169,0.877,0.292,408565.264,155.971,6.239,0.046,13.478,13.077,12.789,0.045
256,1.746,1.17,0.877,0.292,427535.511,159.09,6.364,0.046,13.523,13.122,12.835,0.045
257,1.746,1.17,0.877,0.292,447382.972,162.272,6.491,0.046,13.569,13.168,12.88,0.045
258,1.746,1.17,0.877,0.292,468148.087,165.518,6.621,0.046,13.614,13.213,12.926,0.045
259,1.747,1.17,0.877,0.292,489873.156,168.828,6.753,0.046,13.66,13.259,12.971,0.045
260,1.747,1.17,0.877,0.292,512602.425,172.205,6.888,0.046,13.705,13.304,13.016,0.045
261,1.747,1.17,0.877,0.292,536382.176,175.649,7.026,0.046,13.75,13.349,13.062,0.045
262,1.747,1.17,0.877,0.292,561260.816,179.162,7.166,0.046,13.796,13.395,13.107,0.045
263,1.747,1.17,0.877,0.292,587288.98,182.745,7.31,0.046,13.841,13.44,13.152,0.045
264,1.747,1.17,0.877,0.292,614519.632,186.4,7.456,0.046,13.887,13.485,13.198,0.045
265,1.747,1.17,0.877,0.292,643008.169,190.128,7.605,0.046,13.932,13.531,13.243,0.045
266,1.748,1.17,0.877,0.292,672812.536,193.93,7.757,0.046,13.977,13.576,13.288,0.045
267,1.748,1.17,0.877,0.292,703993.342,197.809,7.912,0.046,14.023,13.621,13.334,0.045
268,1.748,1.17,0.877,0.292,736613.981,201.765,8.071,0.046,14.068,13.667,13.379,0.045
269,1.748,1.17,0.877,0.292,770740.761,205.8,8.232,0.046,14.114,13.712,13.424,0.045
270,1.748,1.17,0.877,0.292,806443.039,209.916,8.397,0.046,14.159,13.757,13.47,0.045
271,1.748,1.17,0.877,0.292,843793.357,214.115,8.565,0.046,14.204,13.803,13.515,0.045
272,1.748,1.17,0.878,0.293,882867.593,218.397,8.736,0.046,14.25,13.848,13.56,0.045
273,1.748,1.17,0.878,0.293,923745.11,222.765,8.911,0.046,14.295,13.893,13.606,0.045
274,1.749,1.17,0.878,0.293,966508.918,227.22,9.089,0.046,14.34,13.939,13.651,0.045
275,1.749,1.17,0.878,0.293,1011245.841,231.765,9.271,0.046,14.386,13.984,13.696,0.045
276,1.749,1.17,0.878,0.293,1058046.693,236.4,9.456,0.046,14.431,14.029,13.741,0.045
277,1.749,1.17,0.878,0.293,1107006.459,241.128,9.645,0.046,14.476,14.074,13.787,0.045
278,1.749,1.17,0.878,0.293,1158224.487,245.951,9.838,0.046,14.521,14.12,13.832,0.045
279,1.749,1.17,0.878,0.293,1211804.689,250.87,10.035,0.046,14.567,14.165,13.877,0.045
280,1.749,1.17,0.878,0.293,1267855.749,255.887,10.235,0.046,14.612,14.21,13.922,0.045
281,1.749,1.17,0.878,0.293,1326491.345,261.005,10.44,0.046,14.657,14.255,13.968,0.045
282,1.75,1.17,0.878,0.293,1387830.374,266.225,10.649,0.046,14.703,14.3,14.013,0.045
283,1.75,1.17,0.878,0.293,1451997.193,271.549,10.862,0.046,14.748,14.346,14.058,0.045
284,1.75,1.17,0.878,0.293,1519121.869,276.98,11.079,0.046,14.793,14.391,14.103,0.045
285,1.75,1.17,0.878,0.293,1589340.445,282.52,11.301,0.046,14.838,14.436,14.148,0.045
286,1.75,1.17,0.878,0.293,1662795.207,288.17,11.527,0.046,14.884,14.481,14.194,0.045
287,1.75,1.17,0.878,0.293,1739634.974,293.934,11.757,0.046,14.929,14.527,14.239,0.045
288,1.75,1.17,0.878,0.293,1820015.4,299.812,11.992,0.046,14.974,14.572,14.284,0.045
289,1.75,1.17,0.878,0.293,1904099.282,305.809,12.232,0.046,15.019,14.617,14.329,0.045
290,1.75,1.17,0.878,0.293,1992056.892,311.925,12.477,0.046,15.065,14.662,14.374,0.045
291,1.75,1.17,0.878,0.293,2084066.318,318.163,12.727,0.046,15.11,14.707,14.42,0.045
292,1.751,1.17,0.878,0.293,2180313.821,324.526,12.981,0.046,15.155,14.752,14.465,0.045
293,1.751,1.171,0.878,0.293,2280994.213,331.017,13.241,0.046,15.2,14.798,14.51,0.045
294,1.751,1.171,0.878,0.293,2386311.247,337.637,13.505,0.046,15.245,14.843,14.555,0.045
295,1.751,1.171,0.878,0.293,2496478.025,344.39,13.776,0.046,15.29,14.888,14.6,0.045
296,1.751,1.171,0.878,0.293,2611717.431,351.278,14.051,0.046,15.336,14.933,14.645,0.045
297,1.751,1.171,0.878,0.293,2732262.577,358.303,14.332,0.046,15.381,14.978,14.69,0.045
298,1.751,1.171,0.878,0.293,2858357.269,365.47,14.619,0.046,15.426,15.023,14.736,0.045
299,1.751,1.171,0.878,0.293,2990256.505,372.779,14.911,0.046,15.471,15.068,14.781,0.045
300,1.751,1.171,0.878,0.293,3128226.978,380.235,15.209,0.046,15.516,15.114,14.826,0.045
301,1.751,1.171,0.878,0.293,3272547.62,387.839,15.514,0.046,15.561,15.159,14.871,0.045
302,1.751,1.171,0.878,0.293,3423510.16,395.596,15.824,0.046,15.607,15.204,14.916,0.045
303,1.752,1.171,0.878,0.293,3581419.709,403.508,16.14,0.046,15.652,15.249,14.961,0.045
304,1.752,1.171,0.878,0.293,3746595.377,411.578,16.463,0.046,15.697,15.294,15.006,0.045
305,1.752,1.171,0.878,0.293,3919370.911,419.81,16.792,0.046,15.742,15.339,15.051,0.045
306,1.752,1.171,0.878,0.293,4100095.367,428.206,17.128,0.046,15.787,15.384,15.097,0.045
307,1.752,1.171,0.878,0.293,4289133.811,436.77,17.471,0.046,15.832,15.429,15.142,0.045
308,1.752,1.171,0.878,0.293,4486868.056,445.505,17.82,0.046,15.877,15.474,15.187,0.045
309,1.752,1.171,0.878,0.293,4693697.424,454.415,18.177,0.046,15.923,15.519,15.232,0.045
310,1.752,1.171,0.878,0.293,4910039.552,463.504,18.54,0.046,15.968,15.565,15.277,0.045
311,1.752,1.171,0.878,0.293,5136331.23,472.774,18.911,0.046,16.013,15.61,15.322,0.045
312,1.752,1.171,0.878,0.293,5373029.278,482.229,19.289,0.046,16.058,15.655,15.367,0.045
313,1.752,1.171,0.878,0.293,5620611.465,491.874,19.675,0.046,16.103,15.7,15.412,0.045
314,1.752,1.171,0.878,0.293,5879577.468,501.711,20.068,0.046,16.148,15.745,15.457,0.045
315,1.753,1.171,0.878,0.293,6150449.876,511.746,20.47,0.046,16.193,15.79,15.502,0.045
316,1.753,1.171,0.878,0.293,6433775.239,521.98,20.879,0.046,16.238,15.835,15.547,0.045
317,1.753,1.171,0.878,0.293,6730125.165,532.42,21.297,0.046,16.283,15.88,15.592,0.045
318,1.753,1.171,0.878,0.293,7040097.472,543.069,21.723,0.046,16.328,15.925,15.637,0.045
319,1.753,1.171,0.878,0.293,7364317.381,553.93,22.157,0.046,16.373,15.97,15.682,0.045
320,1.753,1.171,0.878,0.293,7703438.78,565.008,22.6,0.046,16.418,16.015,15.727,0.045
321,1.753,1.171,0.878,0.293,8058145.53,576.309,23.052,0.046,16.464,16.06,15.772,0.045
322,1.753,1.171,0.878,0.293,8429152.842,587.835,23.513,0.046,16.509,16.105,15.817,0.045
323,1.753,1.171,0.878,0.293,8817208.712,599.592,23.984,0.046,16.554,16.15,15.862,0.045
324,1.753,1.171,0.878,0.293,9223095.422,611.583,24.463,0.046,16.599,16.195,15.907,0.045
325,1.753,1.171,0.878,0.293,9647631.108,623.815,24.953,0.046,16.644,16.24,15.952,0.045
326,1.753,1.171,0.878,0.293,10091671.409,636.291,25.452,0.046,16.689,16.285,15.997,0.045
327,1.753,1.171,0.878,0.293,10556111.176,649.017,25.961,0.046,16.734,16.33,16.042,0.045
328,1.753,1.171,0.878,0.293,11041886.275,661.997,26.48,0.046,16.779,16.375,16.088,0.045
329,1.754,1.171,0.878,0.293,11549975.46,675.237,27.009,0.046,16.824,16.42,16.132,0.045
330,1.754,1.171,0.878,0.293,12081402.339,688.742,27.55,0.046,16.869,16.465,16.177,0.045
331,1.754,1.171,0.878,0.293,12637237.431,702.517,28.101,0.046,16.914,16.51,16.222,0.045
332,1.754,1.171,0.878,0.293,13218600.308,716.567,28.663,0.046,16.959,16.555,16.267,0.045
333,1.754,1.171,0.878,0.293,13826661.846,730.899,29.236,0.046,17.004,16.6,16.312,0.045
334,1.754,1.171,0.878,0.293,14462646.572,745.517,29.821,0.046,17.049,16.645,16.357,0.045
335,1.754,1.171,0.878,0.293,15127835.121,760.427,30.417,0.046,17.094,16.69,16.402,0.045
336,1.754,1.171,0.878,0.293,15823566.807,775.636,31.025,0.046,17.139,16.735,16.447,0.045
337,1.754,1.171,0.878,0.293,16551242.305,791.148,31.646,0.046,17.184,16.78,16.492,0.045
338,1.754,1.171,0.878,0.293,17312326.465,806.971,32.279,0.046,17.229,16.825,16.537,0.045
339,1.754,1.171,0.878,0.293,18108351.249,823.111,32.924,0.046,17.274,16.87,16.582,0.045
340,1.754,1.171,0.878,0.293,18940918.801,839.573,33.583,0.046,17.319,16.915,16.627,0.045
341,1.754,1.171,0.878,0.293,19811704.663,856.364,34.255,0.046,17.364,16.96,16.672,0.045
342,1.754,1.171,0.878,0.293,20722461.134,873.492,34.94,0.046,17.409,17.005,16.717,0.045
343,1.754,1.171,0.879,0.293,21675020.786,890.961,35.638,0.046,17.454,17.05,16.762,0.045
344,1.754,1.171,0.879,0.293,22671300.134,908.781,36.351,0.046,17.499,17.095,16.807,0.045
345,1.754,1.171,0.879,0.293,23713303.484,926.956,37.078,0.046,17.544,17.14,16.852,0.045
346,1.755,1.171,0.879,0.293,24803126.948,945.495,37.82,0.046,17.589,17.185,16.897,0.045
347,1.755,1.171,0.879,0.293,25942962.649,964.405,38.576,0.046,17.634,17.23,16.942,0.045
348,1.755,1.171,0.879,0.293,27135103.113,983.693,39.348,0.046,17.679,17.275,16.987,0.045
349,1.755,1.171,0.879,0.293,28381945.868,1003.367,40.135,0.046,17.724,17.319,17.032,0.045
350,1.755,1.171,0.879,0.293,29685998.249,1023.435,40.937,0.046,17.769,17.364,17.077,0.045
351,1.755,1.171,0.879,0.293,31049882.424,1043.903,41.756,0.046,17.813,17.409,17.122,0.045
352,1.755,1.171,0.879,0.293,32476340.649,1064.781,42.591,0.046,17.858,17.454,17.167,0.045
353,1.755,1.171,0.879,0.293,33968240.766,1086.077,43.443,0.046,17.903,17.499,17.211,0.045
354,1.755,1.171,0.879,0.293,35528581.949,1107.799,44.312,0.046,17.948,17.544,17.256,0.045
355,1.755,1.171,0.879,0.293,37160500.718,1129.955,45.198,0.046,17.993,17.589,17.301,0.045
356,1.755,1.171,0.879,0.293,38867277.223,1152.554,46.102,0.046,18.038,17.634,17.346,0.045
357,1.755,1.171,0.879,0.293,40652341.816,1175.605,47.024,0.046,18.083,17.679,17.391,0.045
358,1.755,1.172,0.879,0.293,42519281.927,1199.117,47.965,0.046,18.128,17.724,17.436,0.045
359,1.755,1.172,0.879,0.293,44471849.254,1223.099,48.924,0.046,18.173,17.769,17.481,0.045
360,1.755,1.172,0.879,0.293,46513967.277,1247.561,49.902,0.046,18.218,17.814,17.526,0.045
361,1.755,1.172,0.879,0.293,48649739.122,1272.512,50.9,0.046,18.263,17.858,17.571,0.045
362,1.755,1.172,0.879,0.293,50883455.78,1297.963,51.919,0.046,18.308,17.903,17.616,0.045
363,1.755,1.172,0.879,0.293,53219604.706,1323.922,52.957,0.046,18.353,17.948,17.661,0.045
364,1.755,1.172,0.879,0.293,55662878.81,1350.4,54.016,0.046,18.398,17.993,17.705,0.045
365,1.755,1.172,0.879,0.293,58218185.852,1377.408,55.096,0.046,18.442,18.038,17.75,0.045
366,1.755,1.172,0.879,0.293,60890658.285,1404.956,56.198,0.046,18.487,18.083,17.795,0.045
367,1.756,1.172,0.879,0.293,63685663.523,1433.056,57.322,0.046,18.532,18.128,17.84,0.045
368,1.756,1.172,0.879,0.293,66608814.705,1461.717,58.469,0.046,18.577,18.173,17.885,0.045
369,1.756,1.172,0.879,0.293,69665981.929,1490.951,59.638,0.046,18.622,18.218,17.93,0.045
370,1.756,1.172,0.879,0.293,72863304.015,1520.77,60.831,0.046,18.667,18.262,17.975,0.045
371,1.756,1.172,0.879,0.293,76207200.796,1551.185,62.047,0.046,18.712,18.307,18.02,0.045
372,1.756,1.172,0.879,0.293,79704385.981,1582.209,63.288,0.046,18.757,18.352,18.065,0.045
373,1.756,1.172,0.879,0.293,83361880.596,1613.853,64.554,0.046,18.802,18.397,18.109,0.045
374,1.756,1.172,0.879,0.293,87187027.048,1646.13,65.845,0.046,18.846,18.442,18.154,0.045
375,1.756,1.172,0.879,0.293,91187503.828,1679.053,67.162,0.046,18.891,18.487,18.199,0.045
376,1.756,1.172,0.879,0.293,95371340.884,1712.634,68.505,0.046,18.936,18.532,18.244,0.045
377,1.756,1.172,0.879,0.293,99746935.707,1746.887,69.875,0.046,18.981,18.577,18.289,0.045
378,1.756,1.172,0.879,0.293,104323070.142,1781.824,71.273,0.046,19.026,18.621,18.334,0.045
379,1.756,1.172,0.879,0.293,109108927.97,1817.461,72.698,0.046,19.071,18.666,18.379,0.045
380,1.756,1.172,0.879,0.293,114114113.302,1853.81,74.152,0.046,19.116,18.711,18.423,0.045
381,1.756,1.172,0.879,0.293,119348669.803,1890.886,75.635,0.046,19.161,18.756,18.468,0.045
382,1.756,1.172,0.879,0.293,124823100.804,1928.704,77.148,0.046,19.206,18.801,18.513,0.045
383,1.756,1.172,0.879,0.293,130548390.329,1967.278,78.691,0.046,19.25,18.846,18.558,0.045
384,1.756,1.172,0.879,0.293,136536025.083,2006.624,80.265,0.046,19.295,18.891,18.603,0.045
385,1.756,1.172,0.879,0.293,142798017.45,2046.756,81.87,0.046,19.34,18.935,18.648,0.045
386,1.756,1.172,0.879,0.293,149346929.541,2087.691,83.508,0.046,19.385,18.98,18.693,0.045
387,1.756,1.172,0.879,0.293,156195898.337,2129.445,85.178,0.046,19.43,19.025,18.737,0.045
388,1.756,1.172,0.879,0.293,163358661.989,2172.034,86.881,0.046,19.475,19.07,18.782,0.045
389,1.756,1.172,0.879,0.293,170849587.317,2215.475,88.619,0.046,19.52,19.115,18.827,0.045
390,1.756,1.172,0.879,0.293,178683698.564,2259.784,90.391,0.046,19.564,19.16,18.872,0.045
391,1.756,1.172,0.879,0.293,186876707.471,2304.98,92.199,0.046,19.609,19.204,18.917,0.045
392,1.756,1.172,0.879,0.293,195445044.725,2351.08,94.043,0.046,19.654,19.249,18.962,0.045
393,1.756,1.172,0.879,0.293,204405892.838,2398.101,95.924,0.046,19.699,19.294,19.006,0.045
394,1.757,1.172,0.879,0.293,213777220.544,2446.063,97.843,0.046,19.744,19.339,19.051,0.045
395,1.757,1.172,0.879,0.293,223577818.753,2494.984,99.799,0.046,19.789,19.384,19.096,0.045
396,1.757,1.172,0.879,0.293,233827338.16,2544.884,101.795,0.046,19.833,19.429,19.141,0.045
397,1.757,1.172,0.879,0.293,244546328.571,2595.782,103.831,0.046,19.878,19.473,19.186,0.045
398,1.757,1.172,0.879,0.293,255756280.025,2647.697,105.908,0.046,19.923,19.518,19.231,0.045
399,1.757,1.172,0.879,0.293,267479665.796,2700.651,108.026,0.046,19.968,19.563,19.275,0.045
400,1.757,1.172,0.879,0.293,279739987.367,2754.664,110.187,0.046,20.013,19.608,19.32,0.045
401,1.757,1.172,0.879,0.293,292561821.453,2809.758,112.39,0.046,20.058,19.653,19.365,0.045
402,1.757,1.172,0.879,0.293,305970869.179,2865.953,114.638,0.046,20.102,19.698,19.41,0.045
403,1.757,1.172,0.879,0.293,319994007.507,2923.272,116.931,0.046,20.147,19.742,19.455,0.045
404,1.757,1.172,0.879,0.293,334659343.007,2981.737,119.269,0.046,20.192,19.787,19.5,0.045
405,1.757,1.172,0.879,0.293,349996268.097,3041.372,121.655,0.046,20.237,19.832,19.544,0.045
406,1.757,1.172,0.879,0.293,366035519.849,3102.2,124.088,0.046,20.282,19.877,19.589,0.045
407,1.757,1.172,0.879,0.293,382809241.481,3164.244,126.57,0.046,20.327,19.922,19.634,0.045
408,1.757,1.172,0.879,0.293,400351046.668,3227.528,129.101,0.046,20.371,19.966,19.679,0.045
409,1.757,1.172,0.879,0.293,418696086.785,3292.079,131.683,0.046,20.416,20.011,19.724,0.045
410,1.757,1.172,0.879,0.293,437881121.234,3357.921,134.317,0.046,20.461,20.056,19.768,0.045
411,1.757,1.172,0.879,0.293,457944590.974,3425.079,137.003,0.046,20.506,20.101,19.813,0.045
412,1.757,1.172,0.879,0.293,478926695.426,3493.581,139.743,0.046,20.551,20.146,19.858,0.045
413,1.757,1.172,0.879,0.293,500869472.884,3563.452,142.538,0.046,20.595,20.191,19.903,0.045
414,1.757,1.172,0.879,0.293,523816884.607,3634.721,145.389,0.046,20.64,20.235,19.948,0.045
415,1.757,1.172,0.879,0.293,547814902.757,3707.416,148.297,0.046,20.685,20.28,19.992,0.045
416,1.757,1.172,0.879,0.293,572911602.354,3781.564,151.263,0.046,20.73,20.325,20.037,0.045
417,1.757,1.172,0.879,0.293,599157257.433,3857.195,154.288,0.046,20.775,20.37,20.082,0.045
418,1.757,1.172,0.879,0.293,626604441.607,3934.339,157.374,0.046,20.82,20.414,20.127,0.045
419,1.757,1.172,0.879,0.293,655308133.216,4013.026,160.521,0.046,20.864,20.459,20.172,0.045
420,1.757,1.172,0.879,0.293,685325825.29,4093.286,163.731,0.046,20.909,20.504,20.216,0.045
421,1.757,1.172,0.879,0.293,716717640.536,4175.152,167.006,0.046,20.954,20.549,20.261,0.045
422,1.757,1.172,0.879,0.293,749546451.584,4258.655,170.346,0.046,20.999,20.594,20.306,0.045
423,1.757,1.172,0.879,0.293,783878006.733,4343.828,173.753,0.046,21.044,20.638,20.351,0.045
424,1.757,1.172,0.879,0.293,819781061.434,4430.705,177.228,0.046,21.088,20.683,20.396,0.045
425,1.757,1.172,0.879,0.293,857327515.8,4519.319,180.773,0.046,21.133,20.728,20.44,0.045
426,1.757,1.172,0.879,0.293,896592558.39,4609.705,184.388,0.046,21.178,20.773,20.485,0.045
427,1.757,1.172,0.879,0.293,937654816.572,4701.9,188.076,0.046,21.223,20.818,20.53,0.045
428,1.757,1.172,0.879,0.293,980596513.756,4795.937,191.837,0.046,21.268,20.862,20.575,0.045
429,1.757,1.172,0.879,0.293,1025503633.821,4891.856,195.674,0.046,21.312,20.907,20.619,0.045
430,1.757,1.172,0.879,0.293,1072466093.052,4989.693,199.588,0.046,21.357,20.952,20.664,0.045
431,1.757,1.172,0.879,0.293,1121577919.939,5089.487,203.579,0.046,21.402,20.997,20.709,0.045
432,1.757,1.172,0.879,0.293,1172937443.202,5191.277,207.651,0.046,21.447,21.042,20.754,0.045
433,1.757,1.172,0.879,0.293,1226647488.396,5295.103,211.804,0.046,21.491,21.086,20.799,0.045
434,1.758,1.172,0.879,0.293,1282815583.522,5401.005,216.04,0.046,21.536,21.131,20.843,0.045
435,1.758,1.172,0.879,0.293,1341554174.021,5509.025,220.361,0.046,21.581,21.176,20.888,0.045
436,1.758,1.172,0.879,0.293,1402980847.609,5619.205,224.768,0.046,21.626,21.221,20.933,0.045
437,1.758,1.172,0.879,0.293,1467218569.379,5731.589,229.264,0.046,21.671,21.265,20.978,0.045
438,1.758,1.172,0.879,0.293,1534395927.657,5846.221,233.849,0.046,21.715,21.31,21.022,0.045
439,1.758,1.172,0.879,0.293,1604647391.092,5963.145,238.526,0.046,21.76,21.355,21.067,0.045
440,1.758,1.172,0.879,0.293,1678113577.506,6082.408,243.296,0.046,21.805,21.4,21.112,0.045
441,1.758,1.172,0.879,0.293,1754941535.019,6204.057,248.162,0.046,21.85,21.444,21.157,0.045
442,1.758,1.172,0.879,0.293,1835285036.042,6328.138,253.126,0.046,21.894,21.489,21.202,0.045
443,1.758,1.172,0.879,0.293,1919304884.696,6454.7,258.188,0.046,21.939,21.534,21.246,0.045
444,1.758,1.172,0.879,0.293,2007169238.285,6583.794,263.352,0.046,21.984,21.579,21.291,0.045
445,1.758,1.172,0.879,0.293,2099053943.473,6715.47,268.619,0.046,22.029,21.624,21.336,0.045
446,1.758,1.172,0.879,0.293,2195142887.813,6849.78,273.991,0.046,22.074,21.668,21.381,0.045
447,1.758,1.172,0.879,0.293,2295628367.358,6986.775,279.471,0.046,22.118,21.713,21.425,0.045
448,1.758,1.172,0.879,0.293,2400711471.065,7126.511,285.06,0.046,22.163,21.758,21.47,0.045
449,1.758,1.172,0.879,0.293,2510602482.778,7269.041,290.762,0.046,22.208,21.803,21.515,0.045
450,1.758,1.172,0.879,0.293,2625521301.58,7414.422,296.577,0.046,22.253,21.847,21.56,0.045
451,1.758,1.172,0.879,0.293,2745697881.36,7562.71,302.508,0.046,22.297,21.892,21.604,0.045
452,1.758,1.172,0.879,0.293,2871372690.474,7713.965,308.559,0.046,22.342,21.937,21.649,0.045
453,1.758,1.172,0.879,0.293,3002797192.413,7868.244,314.73,0.046,22.387,21.982,21.694,0.045
454,1.758,1.172,0.879,0.293,3140234348.445,8025.609,321.024,0.046,22.432,22.026,21.739,0.045
455,1.758,1.172,0.879,0.293,3283959143.231,8186.121,327.445,0.046,22.476,22.071,21.783,0.045
456,1.758,1.172,0.879,0.293,3434259134.462,8349.843,333.994,0.046,22.521,22.116,21.828,0.045
457,1.758,1.172,0.879,0.293,3591435027.625,8516.84,340.674,0.046,22.566,22.161,21.873,0.045
458,1.758,1.172,0.879,0.293,3755801277.034,8687.177,347.487,0.046,22.611,22.205,21.918,0.045
459,1.758,1.172,0.879,0.293,3927686714.337,8860.92,354.437,0.046,22.655,22.25,21.962,0.045
460,1.758,1.172,0.879,0.293,4107435205.745,9038.139,361.526,0.046,22.7,22.295,22.007,0.045
461,1.758,1.172,0.879,0.293,4295406339.31,9218.902,368.756,0.046,22.745,22.34,22.052,0.045
462,1.758,1.172,0.879,0.293,4491976143.602,9403.28,376.131,0.046,22.79,22.384,22.097,0.045
463,1.758,1.172,0.879,0.293,4697537839.249,9591.345,383.654,0.046,22.834,22.429,22.141,0.045
464,1.758,1.172,0.879,0.293,4912502624.817,9783.172,391.327,0.046,22.879,22.474,22.186,0.045
465,1.758,1.172,0.879,0.293,5137300498.613,9978.836,399.153,0.046,22.924,22.519,22.231,0.045
466,1.758,1.172,0.879,0.293,5372381118.048,10178.412,407.136,0.046,22.969,22.563,22.276,0.045
467,1.758,1.172,0.879,0.293,5618214698.279,10381.981,415.279,0.046,23.013,22.608,22.32,0.045
468,1.758,1.172,0.879,0.293,5875292951.922,10589.62,423.585,0.046,23.058,22.653,22.365,0.045
469,1.758,1.172,0.879,0.293,6144130071.719,10801.413,432.057,0.046,23.103,22.698,22.41,0.045
470,1.758,1.172,0.879,0.293,6425263758.108,11017.441,440.698,0.046,23.148,22.742,22.455,0.045
471,1.758,1.172,0.879,0.293,6719256293.77,11237.79,449.512,0.046,23.192,22.787,22.499,0.045
472,1.758,1.172,0.879,0.293,7026695667.281,11462.545,458.502,0.046,23.237,22.832,22.544,0.045
473,1.758,1.172,0.879,0.293,7348196748.116,11691.796,467.672,0.046,23.282,22.877,22.589,0.045
474,1.758,1.172,0.879,0.293,7684402515.368,11925.632,477.025,0.046,23.327,22.921,22.634,0.045
475,1.758,1.172,0.879,0.293,8035985342.61,12164.145,486.566,0.046,23.371,22.966,22.678,0.045
476,1.758,1.172,0.879,0.293,8403648341.491,12407.428,496.297,0.046,23.416,23.011,22.723,0.045
477,1.758,1.172,0.879,0.293,8788126766.733,12655.576,506.223,0.046,23.461,23.056,22.768,0.045
478,1.758,1.172,0.879,0.293,9190189485.346,12908.688,516.348,0.046,23.506,23.1,22.813,0.045
479,1.758,1.172,0.879,0.293,9610640512.986,13166.862,526.674,0.046,23.55,23.145,22.857,0.045
480,1.758,1.172,0.879,0.293,10050320620.53,13430.199,537.208,0.046,23.595,23.19,22.902,0.045
481,1.758,1.172,0.879,0.293,10510109014.086,13698.803,547.952,0.046,23.64,23.234,22.947,0.045
482,1.758,1.172,0.879,0.293,10990925091.766,13972.779,558.911,0.046,23.685,23.279,22.992,0.045
483,1.758,1.172,0.879,0.293,11493730280.768,14252.235,570.089,0.046,23.729,23.324,23.036,0.045
484,1.758,1.172,0.879,0.293,12019529958.4,14537.279,581.491,0.046,23.774,23.369,23.081,0.045
485,1.758,1.172,0.879,0.293,12569375460.911,14828.025,593.121,0.046,23.819,23.413,23.126,0.045
486,1.758,1.172,0.879,0.293,13144366184.127,15124.585,604.983,0.046,23.864,23.458,23.17,0.045
487,1.758,1.172,0.879,0.293,13745651780.086,15427.077,617.083,0.046,23.908,23.503,23.215,0.045
488,1.758,1.172,0.879,0.293,14374434454.068,15735.619,629.425,0.046,23.953,23.548,23.26,0.045
489,1.758,1.172,0.879,0.293,15031971366.603,16050.331,642.013,0.046,23.998,23.592,23.305,0.045
490,1.758,1.172,0.879,0.293,15719577145.249,16371.338,654.854,0.046,24.043,23.637,23.349,0.045
491,1.758,1.172,0.879,0.293,16438626511.17,16698.764,667.951,0.046,24.087,23.682,23.394,0.045
492,1.758,1.172,0.879,0.293,17190557025.749,17032.74,681.31,0.046,24.132,23.727,23.439,0.045
493,1.758,1.172,0.879,0.293,17976871962.716,17373.394,694.936,0.046,24.177,23.771,23.484,0.045
494,1.758,1.172,0.879,0.293,18799143311.55,17720.862,708.834,0.046,24.221,23.816,23.528,0.045
495,1.758,1.172,0.879,0.293,19659014918.124,18075.28,723.011,0.046,24.266,23.861,23.573,0.045
496,1.758,1.172,0.879,0.293,20558205768.893,18436.785,737.471,0.046,24.311,23.905,23.618,0.045
497,1.758,1.172,0.879,0.293,21498513425.159,18805.521,752.221,0.046,24.356,23.95,23.662,0.045
498,1.758,1.172,0.879,0.293,22481817614.293,19181.631,767.265,0.046,24.4,23.995,23.707,0.045
499,1.758,1.172,0.879,0.293,23510083985.067,19565.264,782.611,0.046,24.445,24.04,23.752,0.045
500,1.758,1.172,0.879,0.293,24585368034.619,19956.569,798.263,0.046,24.49,24.084,23.797,0.045
501,1.758,1.172,0.879,0.293,25709819214.862,20355.701,814.228,0.046,24.535,24.129,23.841,0.045
502,1.758,1.172,0.879,0.293,26885685226.572,20762.815,830.513,0.046,24.579,24.174,23.886,0.045
503,1.758,1.172,0.879,0.293,28115316509.707,21178.071,847.123,0.046,24.624,24.218,23.931,0.045
504,1.758,1.172,0.879,0.293,29401170938.926,21601.632,864.065,0.046,24.669,24.263,23.976,0.045
505,1.759,1.172,0.879,0.293,30745818733.704,22033.665,881.347,0.046,24.713,24.308,24.02,0.045
506,1.759,1.172,0.879,0.293,32151947592.826,22474.338,898.974,0.046,24.758,24.353,24.065,0.045
507,1.759,1.172,0.879,0.293,33622368063.524,22923.825,916.953,0.046,24.803,24.397,24.11,0.045
508,1.759,1.172,0.879,0.293,35160019155.983,23382.301,935.292,0.046,24.848,24.442,24.154,0.045
509,1.759,1.172,0.879,0.293,36767974214.421,23849.947,953.998,0.046,24.892,24.487,24.199,0.045
510,1.759,1.172,0.879,0.293,38449447056.469,24326.946,973.078,0.046,24.937,24.532,24.244,0.045
511,1.759,1.172,0.879,0.293,40207798393.116,24813.485,992.539,0.046,24.982,24.576,24.289,0.045
512,1.759,1.172,0.879,0.293,42046542542.034,25309.755,1012.39,0.046,25.027,24.621,24.333,0.045
513,1.759,1.172,0.879,0.293,43969354447.694,25815.95,1032.638,0.046,25.071,24.666,24.378,0.045
514,1.759,1.172,0.879,0.293,45980077022.284,26332.269,1053.291,0.046,25.116,24.71,24.423,0.045
515,1.759,1.172,0.879,0.293,48082728822.104,26858.915,1074.357,0.046,25.161,24.755,24.467,0.045
516,1.759,1.172,0.879,0.293,50281512074.744,27396.093,1095.844,0.046,25.205,24.8,24.512,0.045
517,1.759,1.172,0.879,0.293,52580821073.105,27944.015,1117.761,0.046,25.25,24.845,24.557,0.045
518,1.759,1.172,0.879,0.293,54985250952.989,28502.895,1140.116,0.046,25.295,24.889,24.602,0.045
519,1.759,1.172,0.879,0.293,57499606871.823,29072.953,1162.918,0.046,25.34,24.934,24.646,0.045
520,1.759,1.172,0.879,0.293,60128913606.822,29654.412,1186.176,0.046,25.384,24.979,24.691,0.045
521,1.759,1.172,0.879,0.293,62878425591.759,30247.5,1209.9,0.046,25.429,25.023,24.736,0.045
522,1.759,1.172,0.879,0.293,65753637412.402,30852.45,1234.098,0.046,25.474,25.068,24.78,0.045
523,1.759,1.172,0.879,0.293,68760294781.553,31469.499,1258.78,0.046,25.518,25.113,24.825,0.045
524,1.759,1.172,0.879,0.293,71904406015.623,32098.889,1283.956,0.046,25.563,25.158,24.87,0.045
525,1.759,1.172,0.879,0.293,75192254035.652,32740.867,1309.635,0.046,25.608,25.202,24.915,0.045
526,1.759,1.172,0.879,0.293,78630408916.735,33395.684,1335.827,0.046,25.653,25.247,24.959,0.045
527,1.759,1.172,0.879,0.293,82225741010.929,34063.598,1362.544,0.046,25.697,25.292,25.004,0.045
528,1.759,1.172,0.879,0.293,85985434669.823,34744.87,1389.795,0.046,25.742,25.336,25.049,0.045
529,1.759,1.172,0.879,0.293,89917002594.192,35439.767,1417.591,0.046,25.787,25.381,25.093,0.045
530,1.759,1.172,0.879,0.293,94028300839.379,36148.563,1445.943,0.046,25.831,25.426,25.138,0.045
531,1.759,1.172,0.879,0.293,98327544506.376,36871.534,1474.861,0.046,25.876,25.471,25.183,0.045
532,1.759,1.172,0.879,0.293,102823324149.918,37608.965,1504.359,0.046,25.921,25.515,25.228,0.045
533,1.759,1.172,0.879,0.293,107524622936.386,38361.144,1534.446,0.046,25.966,25.56,25.272,0.045
534,1.759,1.172,0.879,0.293,112440834585.744,39128.367,1565.135,0.046,26.01,25.605,25.317,0.045
535,1.759,1.172,0.879,0.293,117581782133.364,39910.934,1596.437,0.046,26.055,25.649,25.362,0.045
536,1.759,1.172,0.879,0.293,122957737549.191,40709.153,1628.366,0.046,26.1,25.694,25.406,0.045
537,1.759,1.172,0.879,0.293,128579442253.417,41523.336,1660.933,0.046,26.144,25.739,25.451,0.045
538,1.759,1.172,0.879,0.293,134458128569.652,42353.803,1694.152,0.046,26.189,25.783,25.496,0.045
539,1.759,1.172,0.879,0.293,140605542158.395,43200.879,1728.035,0.046,26.234,25.828,25.541,0.045
540,1.759,1.172,0.879,0.293,147033965475.637,44064.896,1762.596,0.046,26.279,25.873,25.585,0.045
541,1.759,1.172,0.879,0.293,153756242303.403,44946.194,1797.848,0.046,26.323,25.918,25.63,0.045
542,1.759,1.172,0.879,0.293,160785803401.244,45845.118,1833.805,0.046,26.368,25.962,25.675,0.045
543,1.759,1.172,0.879,0.293,168136693329.875,46762.02,1870.481,0.046,26.413,26.007,25.719,0.045
544,1.759,1.172,0.879,0.293,175823598500.533,47697.261,1907.89,0.046,26.457,26.052,25.764,0.045
545,1.759,1.172,0.879,0.293,183861876506.056,48651.206,1946.048,0.046,26.502,26.096,25.809,0.045
546,1.759,1.172,0.879,0.293,192267586792.255,49624.23,1984.969,0.046,26.547,26.141,25.853,0.045
547,1.759,1.172,0.879,0.293,201057522730.812,50616.715,2024.669,0.046,26.591,26.186,25.898,0.045
548,1.759,1.172,0.879,0.293,210249245157.756,51629.049,2065.162,0.046,26.636,26.231,25.943,0.045
549,1.759,1.172,0.879,0.293,219861117444.472,52661.63,2106.465,0.046,26.681,26.275,25.988,0.045
550,1.759,1.172,0.879,0.293,229912342171.28,53714.863,2148.595,0.046,26.726,26.32,26.032,0.045
551,1.759,1.172,0.879,0.293,240422999476.8,54789.16,2191.566,0.046,26.77,26.365,26.077,0.045
552,1.759,1.172,0.879,0.293,251414087159.688,55884.943,2235.398,0.046,26.815,26.409,26.122,0.045
553,1.759,1.172,0.879,0.293,262907562612.795,57002.642,2280.106,0.046,26.86,26.454,26.166,0.045
554,1.759,1.172,0.879,0.293,274926386673.502,58142.695,2325.708,0.046,26.904,26.499,26.211,0.045
555,1.759,1.172,0.879,0.293,287494569477.763,59305.549,2372.222,0.046,26.949,26.543,26.256,0.045
556,1.759,1.172,0.879,0.293,300637218409.425,60491.66,2419.666,0.046,26.994,26.588,26.3,0.045
557,1.759,1.172,0.879,0.293,314380588240.561,61701.493,2468.06,0.046,27.039,26.633,26.345,0.045
558,1.759,1.172,0.879,0.293,328752133562.929,62935.523,2517.421,0.046,27.083,26.678,26.39,0.045
559,1.759,1.172,0.879,0.293,343780563615.243,64194.233,2567.769,0.046,27.128,26.722,26.435,0.045
560,1.759,1.172,0.879,0.293,359495899615.726,65478.118,2619.125,0.046,27.173,26.767,26.479,0.045
561,1.759,1.172,0.879,0.293,375929534714.423,66787.68,2671.507,0.046,27.217,26.812,26.524,0.045
562,1.759,1.172,0.879,0.293,393114296684.976,68123.434,2724.937,0.046,27.262,26.856,26.569,0.045
563,1.759,1.172,0.879,0.293,411084513481.022,69485.902,2779.436,0.046,27.307,26.901,26.613,0.045
564,1.759,1.172,0.879,0.293,429876081788.124,70875.62,2835.025,0.046,27.351,26.946,26.658,0.045
565,1.759,1.172,0.879,0.293,449526538708.099,72293.133,2891.725,0.046,27.396,26.99,26.703,0.045
566,1.759,1.172,0.879,0.293,470075136718.86,73738.996,2949.56,0.046,27.441,27.035,26.747,0.045
567,1.759,1.172,0.879,0.293,491562922059.455,75213.775,3008.551,0.046,27.486,27.08,26.792,0.045
568,1.759,1.172,0.879,0.293,514032816696.799,76718.051,3068.722,0.046,27.53,27.125,26.837,0.045
569,1.759,1.172,0.879,0.293,537529704037.745,78252.412,3130.096,0.046,27.575,27.169,26.882,0.045
570,1.759,1.172,0.879,0.293,562100518557.651,79817.46,3192.698,0.046,27.62,27.214,26.926,0.045
571,1.759,1.172,0.879,0.293,587794339524.365,81413.809,3256.552,0.046,27.664,27.259,26.971,0.045
572,1.759,1.172,0.879,0.293,614662489004.777,83042.086,3321.683,0.046,27.709,27.303,27.016,0.045
573,1.759,1.172,0.879,0.293,642758634349.615,84702.927,3388.117,0.046,27.754,27.348,27.06,0.045
574,1.759,1.172,0.879,0.293,672138895361.095,86396.986,3455.879,0.046,27.798,27.393,27.105,0.045
575,1.759,1.172,0.879,0.293,702861956357.393,88124.926,3524.997,0.046,27.843,27.437,27.15,0.045
576,1.759,1.172,0.879,0.293,734989183357.703,89887.424,3595.497,0.046,27.888,27.482,27.194,0.045
577,1.759,1.172,0.879,0.293,768584746621.821,91685.173,3667.407,0.046,27.933,27.527,27.239,0.045
578,1.759,1.172,0.879,0.293,803715748788.932,93518.876,3740.755,0.046,27.977,27.572,27.284,0.045
579,1.759,1.172,0.879,0.293,840452358871.435,95389.254,3815.57,0.046,28.022,27.616,27.329,0.045
580,1.759,1.172,0.879,0.293,878867952371.323,97297.039,3891.882,0.046,28.067,27.661,27.373,0.045
581,1.759,1.172,0.879,0.293,919039257798.872,99242.979,3969.719,0.046,28.111,27.706,27.418,0.045
582,1.759,1.172,0.879,0.293,961046509886.18,101227.839,4049.114,0.046,28.156,27.75,27.463,0.045
583,1.759,1.172,0.879,0.293,1004973609801.43,103252.396,4130.096,0.046,28.201,27.795,27.507,0.045
584,1.759,1.172,0.879,0.293,1050908292683.78,105317.444,4212.698,0.046,28.245,27.84,27.552,0.045
585,1.759,1.172,0.879,0.293,1098942302833.33,107423.793,4296.952,0.046,28.29,27.884,27.597,0.045
586,1.759,1.172,0.879,0.293,1149171576906.02,109572.268,4382.891,0.046,28.335,27.929,27.641,0.045
587,1.759,1.172,0.879,0.293,1201696435479.05,111763.714,4470.549,0.046,28.379,27.974,27.686,0.045
588,1.759,1.172,0.879,0.293,1256621783369.51,113998.988,4559.96,0.046,28.424,28.018,27.731,0.045
589,1.759,1.172,0.879,0.293,1314057319105.97,116278.968,4651.159,0.046,28.469,28.063,27.775,0.045
590,1.759,1.172,0.879,0.293,1374117753971.29,118604.547,4744.182,0.046,28.514,28.108,27.82,0.045
591,1.759,1.172,0.879,0.293,1436923041054.09,120976.638,4839.066,0.046,28.558,28.153,27.865,0.045
592,1.759,1.172,0.879,0.293,1502598614766,123396.171,4935.847,0.046,28.603,28.197,27.91,0.045
593,1.759,1.172,0.879,0.293,1571275641303,125864.094,5034.564,0.046,28.648,28.242,27.954,0.045
594,1.759,1.172,0.879,0.293,1643091280550.87,128381.376,5135.255,0.046,28.692,28.287,27.999,0.045
595,1.759,1.172,0.879,0.293,1718188959957.68,130949.004,5237.96,0.046,28.737,28.331,28.044,0.045
596,1.759,1.172,0.879,0.293,1796718660919.99,133567.984,5342.719,0.046,28.782,28.376,28.088,0.045
597,1.759,1.172,0.879,0.293,1878837218254.68,136239.343,5449.574,0.046,28.826,28.421,28.133,0.045
598,1.759,1.172,0.879,0.293,1964708633354.19,138964.13,5558.565,0.046,28.871,28.465,28.178,0.045
599,1.759,1.172,0.879,0.293,2054504401650.38,141743.413,5669.737,0.046,28.916,28.51,28.222,0.045
600,1.759,1.172,0.879,0.293,2148403855040.91,144578.281,5783.131,0.046,28.961,28.555,28.267,0.045
601,1.759,1.172,0.879,0.293,2246594519961.6,147469.847,5898.794,0.046,29.005,28.599,28.312,0.045
602,1.759,1.172,0.879,0.293,2349272491819.77,150419.244,6016.77,0.046,29.05,28.644,28.356,0.045
603,1.759,1.172,0.879,0.293,2456642826536.12,153427.629,6137.105,0.046,29.095,28.689,28.401,0.045
604,1.759,1.172,0.879,0.293,2568919949976.77,156496.181,6259.847,0.046,29.139,28.734,28.446,0.045
605,1.759,1.172,0.879,0.293,2686328086092.88,159626.105,6385.044,0.046,29.184,28.778,28.491,0.045
606,1.759,1.172,0.879,0.293,2809101704622.76,162818.627,6512.745,0.046,29.229,28.823,28.535,0.045
607,1.759,1.172,0.879,0.293,2937485989250.01,166074.999,6643,0.046,29.273,28.868,28.58,0.045
608,1.759,1.172,0.879,0.293,3071737327152.65,169396.499,6775.86,0.046,29.318,28.912,28.625,0.045
609,1.759,1.172,0.879,0.293,3212123820920.38,172784.429,6911.377,0.046,29.363,28.957,28.669,0.045
610,1.759,1.172,0.879,0.293,3358925823862.09,176240.118,7049.605,0.046,29.407,29.002,28.714,0.045
611,1.759,1.172,0.879,0.293,3512436499772.3,179764.92,7190.597,0.046,29.452,29.046,28.759,0.045
612,1.759,1.172,0.879,0.293,3672962408274.03,183360.219,7334.409,0.046,29.497,29.091,28.803,0.045
613,1.759,1.172,0.879,0.293,3840824116906.81,187027.423,7481.097,0.046,29.541,29.136,28.848,0.045
614,1.759,1.172,0.879,0.293,4016356841181.74,190767.972,7630.719,0.046,29.586,29.18,28.893,0.045
615,1.759,1.172,0.879,0.293,4199911113881.36,194583.331,7783.333,0.046,29.631,29.225,28.937,0.045
616,1.759,1.172,0.879,0.293,4391853484940.73,198474.998,7939,0.046,29.676,29.27,28.982,0.045
617,1.759,1.172,0.879,0.293,4592567253306.79,202444.498,8097.78,0.046,29.72,29.314,29.027,0.045
618,1.759,1.172,0.879,0.293,4802453232237.24,206493.387,8259.735,0.046,29.765,29.359,29.071,0.045
619,1.759,1.172,0.879,0.293,5021930549566.65,210623.255,8424.93,0.046,29.81,29.404,29.116,0.045
620,1.759,1.172,0.879,0.293,5251437484537.64,214835.72,8593.429,0.046,29.854,29.449,29.161,0.045
621,1.759,1.172,0.879,0.293,5491432342867.64,219132.435,8765.297,0.046,29.899,29.493,29.206,0.045
622,1.759,1.172,0.879,0.293,5742394371798.31,223515.083,8940.603,0.046,29.944,29.538,29.25,0.045
623,1.759,1.172,0.879,0.293,6004824716954.41,227985.385,9119.415,0.046,29.988,29.583,29.295,0.045
624,1.759,1.172,0.879,0.293,6279247422922.34,232545.093,9301.804,0.046,30.033,29.627,29.34,0.045
625,1.759,1.172,0.879,0.293,6566210479546.07,237195.995,9487.84,0.046,30.078,29.672,29.384,0.045
626,1.759,1.172,0.879,0.293,6866286916029.04,241939.915,9677.597,0.046,30.122,29.717,29.429,0.045
627,1.759,1.172,0.879,0.293,7180075945026.53,246778.713,9871.149,0.046,30.167,29.761,29.474,0.045
628,1.759,1.172,0.879,0.293,7508204159012.43,251714.287,10068.571,0.046,30.212,29.806,29.518,0.045
629,1.759,1.172,0.879,0.293,7851326781308.87,256748.573,10269.943,0.046,30.257,29.851,29.563,0.045
630,1.759,1.172,0.879,0.293,8210128974276.17,261883.544,10475.342,0.046,30.301,29.895,29.608,0.045
631,1.759,1.172,0.879,0.293,8585327207274.95,267121.215,10684.849,0.046,30.346,29.94,29.652,0.045
632,1.759,1.172,0.879,0.293,8977670687131.16,272463.64,10898.546,0.046,30.391,29.985,29.697,0.045
633,1.759,1.172,0.879,0.293,9387942853959.95,277912.912,11116.516,0.046,30.435,30.029,29.742,0.045
634,1.759,1.172,0.879,0.293,9816962945334.55,283471.171,11338.847,0.046,30.48,30.074,29.786,0.045
635,1.759,1.172,0.879,0.293,10265587631922.8,289140.594,11565.624,0.046,30.525,30.119,29.831,0.045
636,1.759,1.172,0.879,0.293,10734712727856.7,294923.406,11796.936,0.046,30.569,30.164,29.876,0.045
637,1.759,1.172,0.879,0.293,11225274979249.8,300821.874,12032.875,0.046,30.614,30.208,29.921,0.045
638,1.759,1.172,0.879,0.293,11738253934431.9,306838.311,12273.532,0.046,30.659,30.253,29.965,0.045
639,1.759,1.172,0.879,0.293,12274673899636.7,312975.078,12519.003,0.046,30.703,30.298,30.01,0.045
640,1.759,1.172,0.879,0.293,12835605984044.8,319234.579,12769.383,0.046,30.748,30.342,30.055,0.045
641,1.759,1.172,0.879,0.293,13422170238265.2,325619.271,13024.771,0.046,30.793,30.387,30.099,0.045
642,1.759,1.172,0.879,0.293,14035537890525.2,332131.656,13285.266,0.046,30.837,30.432,30.144,0.045
643,1.759,1.172,0.879,0.293,14676933685032.6,338774.289,13550.972,0.046,30.882,30.476,30.189,0.045
644,1.759,1.172,0.879,0.293,15347638327177.1,345549.775,13821.991,0.046,30.927,30.521,30.233,0.045
645,1.759,1.172,0.879,0.293,16048991040455.3,352460.771,14098.431,0.046,30.971,30.566,30.278,0.045
646,1.759,1.172,0.879,0.293,16782392240220.3,359509.986,14380.399,0.046,31.016,30.61,30.323,0.045
647,1.759,1.172,0.879,0.293,17549306329596.9,366700.186,14668.007,0.046,31.061,30.655,30.367,0.045
648,1.759,1.172,0.879,0.293,18351264623141.1,374034.189,14961.368,0.046,31.106,30.7,30.412,0.045
649,1.759,1.172,0.879,0.293,19189868404083.4,381514.873,15260.595,0.046,31.15,30.744,30.457,0.045
650,1.759,1.172,0.879,0.293,20066792121256.8,389145.171,15565.807,0.046,31.195,30.789,30.501,0.045
651,1.759,1.172,0.879,0.293,20983786732093,396928.074,15877.123,0.046,31.24,30.834,30.546,0.045
652,1.759,1.172,0.879,0.293,21942683198360.2,404866.636,16194.665,0.046,31.284,30.879,30.591,0.045
653,1.759,1.172,0.879,0.293,22945396141621.1,412963.968,16518.559,0.046,31.329,30.923,30.636,0.045
654,1.759,1.172,0.879,0.293,23993927665709.3,421223.248,16848.93,0.046,31.374,30.968,30.68,0.045
655,1.759,1.172,0.879,0.293,25090371353853.3,429647.713,17185.909,0.046,31.418,31.013,30.725,0.045
656,1.759,1.172,0.879,0.293,26236916448430.1,438240.667,17529.627,0.046,31.463,31.057,30.77,0.045
657,1.759,1.172,0.879,0.293,27435852221690.8,447005.48,17880.219,0.046,31.508,31.102,30.814,0.045
658,1.759,1.172,0.879,0.293,28689572546183.9,455945.59,18237.824,0.046,31.552,31.147,30.859,0.045
659,1.759,1.172,0.879,0.293,30000580674001.3,465064.502,18602.58,0.046,31.597,31.191,30.904,0.045
660,1.759,1.172,0.879,0.293,31371494234386.8,474365.792,18974.632,0.046,31.642,31.236,30.948,0.045
661,1.759,1.172,0.879,0.293,32805050459684.5,483853.108,19354.124,0.046,31.686,31.281,30.993,0.045
662,1.759,1.172,0.879,0.293,34304111650059.8,493530.17,19741.207,0.046,31.731,31.325,31.038,0.045
663,1.759,1.172,0.879,0.293,35871670887902.3,503400.773,20136.031,0.046,31.776,31.37,31.082,0.045
664,1.759,1.172,0.879,0.293,37510858013318,513468.789,20538.752,0.046,31.821,31.415,31.127,0.045
665,1.759,1.172,0.879,0.293,39224945872640.8,523738.164,20949.527,0.046,31.865,31.459,31.172,0.045
666,1.759,1.172,0.879,0.293,41017356852435.7,534212.928,21368.517,0.046,31.91,31.504,31.216,0.045
667,1.759,1.172,0.879,0.293,42891669712039.3,544897.186,21795.887,0.046,31.955,31.549,31.261,0.045
668,1.759,1.172,0.879,0.293,44851626728276.6,555795.13,22231.805,0.046,31.999,31.593,31.306,0.045
669,1.759,1.172,0.879,0.293,46901141166616.8,566911.032,22676.441,0.046,32.044,31.638,31.35,0.045
670,1.759,1.172,0.879,0.293,49044305093684.2,578249.253,23129.97,0.046,32.089,31.683,31.395,0.045
671,1.759,1.172,0.879,0.293,51285397546719.1,589814.238,23592.57,0.046,32.133,31.727,31.44,0.045
672,1.759,1.172,0.879,0.293,53628893076297.7,601610.523,24064.421,0.046,32.178,31.772,31.484,0.045
673,1.759,1.172,0.879,0.293,56079470679365.6,613642.733,24545.709,0.046,32.223,31.817,31.529,0.045
674,1.759,1.172,0.879,0.293,58642023140417.1,625915.588,25036.624,0.046,32.267,31.862,31.574,0.045
675,1.759,1.172,0.879,0.293,61321666799468.4,638433.9,25537.356,0.046,32.312,31.906,31.619,0.045
676,1.759,1.172,0.879,0.293,64123751766325.1,651202.578,26048.103,0.046,32.357,31.951,31.663,0.045
677,1.759,1.172,0.879,0.293,67053872601533.6,664226.629,26569.065,0.046,32.401,31.996,31.708,0.045
678,1.759,1.172,0.879,0.293,70117879485339.4,677511.162,27100.446,0.046,32.446,32.04,31.753,0.045
679,1.759,1.172,0.879,0.293,73321889896949.6,691061.385,27642.455,0.046,32.491,32.085,31.797,0.045
680,1.759,1.172,0.879,0.293,76672300827413.1,704882.613,28195.305,0.046,32.535,32.13,31.842,0.045
681,1.759,1.172,0.879,0.293,80175801550500.5,718980.265,28759.211,0.046,32.58,32.174,31.887,0.045
682,1.759,1.172,0.879,0.293,83839386977077.7,733359.87,29334.395,0.046,32.625,32.219,31.931,0.045
683,1.759,1.172,0.879,0.293,87670371619631.9,748027.068,29921.083,0.046,32.669,32.264,31.976,0.045
684,1.759,1.172,0.879,0.293,91676404194827.8,762987.609,30519.504,0.046,32.714,32.308,32.021,0.045
685,1.759,1.172,0.879,0.293,95865482893245.5,778247.361,31129.894,0.046,32.759,32.353,32.065,0.045
686,1.759,1.172,0.879,0.293,100245971346780,793812.309,31752.492,0.046,32.804,32.398,32.11,0.045
687,1.759,1.172,0.879,0.293,104826615325584,809688.555,32387.542,0.046,32.848,32.442,32.155,0.045
688,1.759,1.172,0.879,0.293,109616560197876,825882.326,33035.293,0.046,32.893,32.487,32.199,0.045
689,1.759,1.172,0.879,0.293,114625369187480,842399.972,33695.999,0.046,32.938,32.532,32.244,0.045
690,1.759,1.172,0.879,0.293,119863042465533,859247.972,34369.919,0.046,32.982,32.576,32.289,0.045
691,1.759,1.172,0.879,0.293,125340037114484,876432.931,35057.317,0.046,33.027,32.621,32.333,0.045
692,1.759,1.172,0.879,0.293,131067288004224,893961.59,35758.464,0.046,33.072,32.666,32.378,0.045
693,1.759,1.172,0.879,0.293,137056229622039,911840.822,36473.633,0.046,33.116,32.71,32.423,0.045
694,1.759,1.172,0.879,0.293,143318818899947,930077.638,37203.106,0.046,33.161,32.755,32.467,0.045
695,1.759,1.172,0.879,0.293,149867559085002,948679.191,37947.168,0.046,33.206,32.8,32.512,0.045
696,1.759,1.172,0.879,0.293,156715524700209,967652.775,38706.111,0.046,33.25,32.845,32.557,0.045
697,1.759,1.172,0.879,0.293,163876387645883,987005.83,39480.233,0.046,33.295,32.889,32.602,0.045
698,1.759,1.172,0.879,0.293,171364444493556,1006745.947,40269.838,0.046,33.34,32.934,32.646,0.045
699,1.759,1.172,0.879,0.293,179194645026917,1026880.866,41075.235,0.046,33.384,32.979,32.691,0.045
700,1.759,1.172,0.879,0.293,187382622086759,1047418.483,41896.739,0.046,33.429,33.023,32.736,0.045
701,1.759,1.172,0.879,0.293,195944722779521,1068366.853,42734.674,0.046,33.474,33.068,32.78,0.045
702,1.759,1.172,0.879,0.293,204898041111708,1089734.19,43589.368,0.046,33.518,33.113,32.825,0.045
703,1.759,1.172,0.879,0.293,214260452115357,1111528.874,44461.155,0.046,33.563,33.157,32.87,0.045
704,1.759,1.172,0.879,0.293,224050647532653,1133759.451,45350.378,0.046,33.608,33.202,32.914,0.045
705,1.759,1.172,0.879,0.293,234288173130946,1156434.64,46257.386,0.046,33.652,33.247,32.959,0.045
706,1.759,1.172,0.879,0.293,244993467722650,1179563.333,47182.533,0.046,33.697,33.291,33.004,0.045
707,1.759,1.172,0.879,0.293,256187903967924,1203154.6,48126.184,0.046,33.742,33.336,33.048,0.045
708,1.759,1.172,0.879,0.293,267893831041579,1227217.692,49088.708,0.046,33.786,33.381,33.093,0.045
709,1.759,1.172,0.879,0.293,280134619249401,1251762.045,50070.482,0.046,33.831,33.425,33.138,0.045
710,1.759,1.172,0.879,0.293,292934706682939,1276797.286,51071.891,0.046,33.876,33.47,33.182,0.045
711,1.759,1.172,0.879,0.293,306319648005898,1302333.232,52093.329,0.046,33.921,33.515,33.227,0.045
712,1.759,1.172,0.879,0.293,320316165469540,1328379.897,53135.196,0.046,33.965,33.559,33.272,0.045
713,1.759,1.172,0.879,0.293,334952202258910,1354947.495,54197.9,0.046,34.01,33.604,33.316,0.045
714,1.759,1.172,0.879,0.293,350256978276396,1382046.444,55281.858,0.046,34.055,33.649,33.361,0.045
715,1.759,1.172,0.879,0.293,366261048473981,1409687.373,56387.495,0.046,34.099,33.693,33.406,0.045
716,1.759,1.172,0.879,0.293,382996363850626,1437881.121,57515.245,0.046,34.144,33.738,33.45,0.045
717,1.759,1.172,0.879,0.293,400496335236544,1466638.743,58665.55,0.046,34.189,33.783,33.495,0.045
718,1.759,1.172,0.879,0.293,418795899991723,1495971.518,59838.861,0.046,34.233,33.827,33.54,0.045
719,1.759,1.172,0.879,0.293,437931591751802,1525890.949,61035.638,0.046,34.278,33.872,33.584,0.045
720,1.759,1.172,0.879,0.293,457941613360575,1556408.767,62256.351,0.046,34.323,33.917,33.629,0.045
721,1.759,1.172,0.879,0.293,478865913134675,1587536.943,63501.478,0.046,34.367,33.962,33.674,0.045
722,1.759,1.172,0.879,0.293,500746264612709,1619287.682,64771.507,0.046,34.412,34.006,33.719,0.045
723,1.759,1.172,0.879,0.293,523626349948033,1651673.435,66066.937,0.046,34.457,34.051,33.763,0.045
724,1.759,1.172,0.879,0.293,547551847111630,1684706.904,67388.276,0.046,34.501,34.096,33.808,0.045
725,1.759,1.172,0.879,0.293,572570521079194,1718401.042,68736.042,0.046,34.546,34.14,33.853,0.045
726,1.759,1.172,0.879,0.293,598732319184418,1752769.063,70110.763,0.046,34.591,34.185,33.897,0.045
727,1.759,1.172,0.879,0.293,626089470828868,1787824.444,71512.978,0.046,34.635,34.23,33.942,0.045
728,1.759,1.172,0.879,0.293,654696591747464,1823580.933,72943.237,0.046,34.68,34.274,33.987,0.045
729,1.759,1.172,0.879,0.293,684610793037718,1860052.552,74402.102,0.046,34.725,34.319,34.031,0.045
730,1.759,1.172,0.879,0.293,715891795170373,1897253.603,75890.144,0.046,34.769,34.364,34.076,0.045
731,1.759,1.172,0.879,0.293,748602047209044,1935198.675,77407.947,0.046,34.814,34.408,34.121,0.045
732,1.759,1.172,0.879,0.293,782806851476838,1973902.648,78956.106,0.046,34.859,34.453,34.165,0.045
733,1.759,1.172,0.879,0.293,818574493918829,2013380.701,80535.228,0.046,34.903,34.498,34.21,0.045
734,1.759,1.172,0.879,0.293,855976380420616,2053648.315,82145.933,0.046,34.948,34.542,34.255,0.045
735,1.759,1.172,0.879,0.293,895087179355092,2094721.282,83788.851,0.046,34.993,34.587,34.299,0.045
736,1.759,1.172,0.879,0.293,935984970641983,2136615.707,85464.628,0.046,35.038,34.632,34.344,0.045
737,1.759,1.172,0.879,0.293,978751401617698,2179348.021,87173.921,0.046,35.082,34.676,34.389,0.045
738,1.759,1.172,0.879,0.293,1023471850026673,2222934.982,88917.399,0.046,35.127,34.721,34.433,0.045
739,1.759,1.172,0.879,0.293,1070235594459546,2267393.681,90695.747,0.046,35.172,34.766,34.478,0.045
740,1.759,1.172,0.879,0.293,1119135992578422,2312741.555,92509.662,0.046,35.216,34.81,34.523,0.045
741,1.759,1.172,0.879,0.293,1170270667484991,2358996.386,94359.855,0.046,35.261,34.855,34.567,0.045
742,1.759,1.172,0.879,0.293,1223741702603537,2406176.314,96247.053,0.046,35.306,34.9,34.612,0.045
743,1.759,1.172,0.879,0.293,1279655845467879,2454299.84,98171.994,0.046,35.35,34.944,34.657,0.045
744,1.759,1.172,0.879,0.293,1338124720819032,2503385.837,100135.433,0.046,35.395,34.989,34.701,0.045
745,1.759,1.172,0.879,0.293,1399265053438996,2553453.554,102138.142,0.046,35.44,35.034,34.746,0.045
746,1.759,1.172,0.879,0.293,1463198901165491,2604522.625,104180.905,0.046,35.484,35.078,34.791,0.045
747,1.759,1.172,0.879,0.293,1530053898552786,2656613.077,106264.523,0.046,35.529,35.123,34.835,0.045
748,1.759,1.172,0.879,0.293,1599963511665041,2709745.339,108389.814,0.046,35.574,35.168,34.88,0.045
749,1.759,1.172,0.879,0.293,1673067304510760,2763940.246,110557.61,0.046,35.618,35.213,34.925,0.045
750,1.759,1.172,0.879,0.293,1749511217650247,2819219.051,112768.762,0.046,35.663,35.257,34.969,0.045
751,1.759,1.172,0.879,0.293,1829447859532204,2875603.432,115024.137,0.046,35.708,35.302,35.014,0.045
752,1.759,1.172,0.879,0.293,1913036811141065,2933115.5,117324.62,0.046,35.752,35.347,35.059,0.045
753,1.759,1.172,0.879,0.293,2000444944563188,2991777.81,119671.112,0.046,35.797,35.391,35.104,0.045
754,1.759,1.172,0.879,0.293,2091846756107857,3051613.366,122064.535,0.046,35.842,35.436,35.148,0.045
755,1.759,1.172,0.879,0.293,2187424714648063,3112645.634,124505.825,0.046,35.886,35.481,35.193,0.045
756,1.759,1.172,0.879,0.293,2287369625876428,3174898.546,126995.942,0.046,35.931,35.525,35.238,0.045
757,1.759,1.172,0.879,0.293,2391881013203423,3238396.517,129535.861,0.046,35.976,35.57,35.282,0.045
758,1.759,1.172,0.879,0.293,2501167516058214,3303164.448,132126.578,0.046,36.02,35.615,35.327,0.045
759,1.759,1.172,0.879,0.293,2615447306387256,3369227.737,134769.109,0.046,36.065,35.659,35.372,0.045
760,1.759,1.172,0.879,0.293,2734948524182039,3436612.291,137464.492,0.046,36.11,35.704,35.416,0.045
761,1.759,1.172,0.879,0.293,2859909732905404,3505344.537,140213.781,0.046,36.154,35.749,35.461,0.045
762,1.759,1.172,0.879,0.293,2990580395725554,3575451.428,143018.057,0.046,36.199,35.793,35.506,0.045
763,1.759,1.172,0.879,0.293,3127221373508436,3646960.457,145878.418,0.046,36.244,35.838,35.55,0.045
764,1.759,1.172,0.879,0.293,3270105445562582,3719899.666,148795.987,0.046,36.289,35.883,35.595,0.045
765,1.759,1.172,0.879,0.293,3419517854175939,3794297.659,151771.906,0.046,36.333,35.927,35.64,0.045
766,1.759,1.172,0.879,0.293,3575756874031691,3870183.612,154807.344,0.046,36.378,35.972,35.684,0.045
767,1.759,1.172,0.879,0.293,3739134407639766,3947587.284,157903.491,0.046,36.423,36.017,35.729,0.045
768,1.759,1.172,0.879,0.293,3909976607972614,4026539.03,161061.561,0.046,36.467,36.061,35.774,0.045
769,1.759,1.172,0.879,0.293,4088624529548195,4107069.811,164282.792,0.046,36.512,36.106,35.818,0.045
770,1.759,1.172,0.879,0.293,4275434809259858,4189211.207,167568.448,0.046,36.557,36.151,35.863,0.045
771,1.759,1.172,0.879,0.293,4470780378312202,4272995.431,170919.817,0.046,36.601,36.195,35.908,0.045
772,1.759,1.172,0.879,0.293,4675051206684094,4358455.34,174338.214,0.046,36.646,36.24,35.952,0.045
773,1.759,1.172,0.879,0.293,4888655081604949,4445624.446,177824.978,0.046,36.691,36.285,35.997,0.045
774,1.759,1.172,0.879,0.293,5112018421598275,4534536.935,181381.477,0.046,36.735,36.329,36.042,0.045
775,1.759,1.172,0.879,0.293,5345587127717485,4625227.674,185009.107,0.046,36.78,36.374,36.086,0.045
776,1.759,1.172,0.879,0.293,5589827473673223,4717732.228,188709.289,0.046,36.825,36.419,36.131,0.045
777,1.759,1.172,0.879,0.293,5845227036629088,4812086.872,192483.475,0.046,36.869,36.463,36.176,0.045
778,1.759,1.172,0.879,0.293,6112295670523814,4908328.61,196333.144,0.046,36.914,36.508,36.22,0.045
779,1.759,1.172,0.879,0.293,6391566523862862,5006495.182,200259.807,0.046,36.959,36.553,36.265,0.045
780,1.759,1.172,0.879,0.293,6683597104011154,5106625.085,204265.003,0.046,37.003,36.598,36.31,0.045
781,1.759,1.172,0.879,0.293,6988970390111490,5208757.587,208350.303,0.046,37.048,36.642,36.354,0.045
782,1.759,1.172,0.879,0.293,7308295996850271,5312932.739,212517.31,0.046,37.093,36.687,36.399,0.045
783,1.759,1.172,0.879,0.293,7642211391393644,5419191.394,216767.656,0.046,37.137,36.732,36.444,0.045
784,1.759,1.172,0.879,0.293,7991383165923322,5527575.221,221103.009,0.046,37.182,36.776,36.489,0.045
785,1.759,1.172,0.879,0.293,8356508368312330,5638126.726,225525.069,0.046,37.227,36.821,36.533,0.045
786,1.759,1.172,0.879,0.293,8738315893596971,5750889.26,230035.57,0.046,37.271,36.866,36.578,0.045
787,1.759,1.172,0.879,0.293,9137567939022682,5865907.046,234636.282,0.046,37.316,36.91,36.623,0.045
788,1.759,1.172,0.879,0.293,9555061525568350,5983225.187,239329.007,0.046,37.361,36.955,36.667,0.045
789,1.759,1.172,0.879,0.293,9991630088986358,6102889.69,244115.588,0.046,37.405,37,36.712,0.045
790,1.759,1.172,0.879,0.293,10448145143534404,6224947.484,248997.899,0.046,37.45,37.044,36.757,0.045
791,1.759,1.172,0.879,0.293,10925518021720240,6349446.434,253977.857,0.046,37.495,37.089,36.801,0.045
792,1.759,1.172,0.879,0.293,11424701693532220,6476435.362,259057.414,0.046,37.539,37.134,36.846,0.045
793,1.759,1.172,0.879,0.293,11946692668787198,6605964.07,264238.563,0.046,37.584,37.178,36.891,0.045
794,1.759,1.172,0.879,0.293,12492532986393266,6738083.351,269523.334,0.046,37.629,37.223,36.935,0.045
795,1.759,1.172,0.879,0.293,13063312294498280,6872845.018,274913.801,0.046,37.673,37.268,36.98,0.045
796,1.759,1.172,0.879,0.293,13660170025676592,7010301.918,280412.077,0.046,37.718,37.312,37.025,0.045
797,1.759,1.172,0.879,0.293,14284297671496082,7150507.957,286020.318,0.046,37.763,37.357,37.069,0.045
798,1.759,1.172,0.879,0.293,14936941161005998,7293518.116,291740.725,0.046,37.808,37.402,37.114,0.045
799,1.759,1.172,0.879,0.293,15619403347893520,7439388.478,297575.539,0.046,37.852,37.446,37.159,0.045
800,1.759,1.172,0.879,0.293,16333046611273936,7588176.248,303527.05,0.046,37.897,37.491,37.203,0.045
801,1.759,1.172,0.879,0.293,17079295575306112,7739939.773,309597.591,0.046,37.942,37.536,37.248,0.045
802,1.759,1.172,0.879,0.293,17859639953062148,7894738.568,315789.543,0.046,37.986,37.58,37.293,0.045
803,1.759,1.172,0.879,0.293,18675637520328164,8052633.34,322105.334,0.046,38.031,37.625,37.337,0.045
804,1.759,1.172,0.879,0.293,19528917225272496,8213686.006,328547.44,0.046,38.076,37.67,37.382,0.045
805,1.759,1.172,0.879,0.293,20421182440188828,8377959.727,335118.389,0.046,38.12,37.714,37.427,0.045
806,1.759,1.172,0.879,0.293,21354214361805380,8545518.921,341820.757,0.046,38.165,37.759,37.471,0.045
807,1.759,1.172,0.879,0.293,22329875566947840,8716429.299,348657.172,0.046,38.21,37.804,37.516,0.045
808,1.759,1.172,0.879,0.293,23350113730653844,8890757.885,355630.315,0.046,38.254,37.848,37.561,0.045
809,1.759,1.172,0.879,0.293,24416965514161092,9068573.043,362742.922,0.046,38.299,37.893,37.605,0.045
810,1.759,1.172,0.879,0.293,25532560630530284,9249944.504,369997.78,0.046,38.344,37.938,37.65,0.045
811,1.759,1.172,0.879,0.293,26699126096018672,9434943.394,377397.736,0.046,38.388,37.982,37.695,0.045
812,1.759,1.172,0.879,0.293,27918990675690788,9623642.262,384945.69,0.046,38.433,38.027,37.739,0.045
813,1.759,1.172,0.879,0.293,29194589532140656,9816115.107,392644.604,0.046,38.478,38.072,37.784,0.045
814,1.759,1.172,0.879,0.293,30528469086605256,10012437.409,400497.496,0.046,38.522,38.117,37.829,0.045
815,1.759,1.172,0.879,0.293,31923292102172948,10212686.158,408507.446,0.046,38.567,38.161,37.874,0.045
816,1.759,1.172,0.879,0.293,33381842999233968,10416939.881,416677.595,0.046,38.612,38.206,37.918,0.045
817,1.759,1.172,0.879,0.293,34907033413783620,10625278.678,425011.147,0.046,38.656,38.251,37.963,0.045
818,1.759,1.172,0.879,0.293,36501908009673640,10837784.252,433511.37,0.046,38.701,38.295,38.008,0.045
819,1.759,1.172,0.879,0.293,38169650556414128,11054539.937,442181.597,0.046,38.746,38.34,38.052,0.045
820,1.759,1.172,0.879,0.293,39913590284658456,11275630.736,451025.229,0.046,38.79,38.385,38.097,0.045
821,1.759,1.172,0.879,0.293,41737208532058016,11501143.35,460045.734,0.046,38.835,38.429,38.142,0.045
822,1.759,1.172,0.879,0.293,43644145692753112,11731166.217,469246.649,0.046,38.88,38.474,38.186,0.045
823,1.759,1.172,0.879,0.293,45638208484372624,11965789.542,478631.582,0.046,38.924,38.519,38.231,0.045
824,1.759,1.172,0.879,0.293,47723377547048640,12205105.333,488204.213,0.046,38.969,38.563,38.276,0.045
825,1.759,1.172,0.879,0.293,49903815389615312,12449207.439,497968.298,0.046,39.014,38.608,38.32,0.045
826,1.759,1.172,0.879,0.293,52183874698853904,12698191.588,507927.664,0.046,39.058,38.653,38.365,0.045
827,1.759,1.172,0.879,0.293,54568107028370992,12952155.42,518086.217,0.046,39.103,38.697,38.41,0.045
828,1.759,1.172,0.879,0.293,57061271884454400,13211198.528,528447.941,0.046,39.148,38.742,38.454,0.045
829,1.759,1.172,0.879,0.293,59668346227044048,13475422.499,539016.9,0.046,39.192,38.787,38.499,0.045
830,1.759,1.172,0.879,0.293,62394534404783392,13744930.949,549797.238,0.046,39.237,38.831,38.544,0.045
831,1.759,1.172,0.879,0.293,65245278543983712,14019829.568,560793.183,0.046,39.282,38.876,38.588,0.045
832,1.759,1.172,0.879,0.293,68226269412239648,14300226.159,572009.046,0.046,39.327,38.921,38.633,0.045
833,1.759,1.172,0.879,0.293,71343457778381760,14586230.682,583449.227,0.046,39.371,38.965,38.678,0.045
834,1.759,1.172,0.879,0.293,74603066291442768,14877955.296,595118.212,0.046,39.416,39.01,38.722,0.045
835,1.759,1.172,0.879,0.293,78011601902350064,15175514.402,607020.576,0.046,39.461,39.055,38.767,0.045
836,1.759,1.172,0.879,0.293,81575868853140672,15479024.69,619160.988,0.046,39.505,39.099,38.812,0.045
837,1.759,1.172,0.879,0.293,85302982259627440,15788605.184,631544.207,0.046,39.55,39.144,38.856,0.045
838,1.759,1.172,0.879,0.293,89200382314630096,16104377.287,644175.091,0.046,39.595,39.189,38.901,0.045
839,1.759,1.172,0.879,0.293,93275849140123472,16426464.833,657058.593,0.046,39.639,39.233,38.946,0.045
840,1.759,1.172,0.879,0.293,97537518317950528,16754994.13,670199.765,0.046,39.684,39.278,38.99,0.045
841,1.759,1.172,0.879,0.293,101993897130102512,17090094.012,683603.76,0.046,39.729,39.323,39.035,0.045
842,1.759,1.172,0.879,0.293,106653881540984768,17431895.893,697275.836,0.046,39.773,39.367,39.08,0.045
843,1.759,1.172,0.879,0.293,111526773955568000,17780533.81,711221.352,0.046,39.818,39.412,39.124,0.045
844,1.759,1.172,0.879,0.293,116622301788873648,18136144.487,725445.779,0.046,39.863,39.457,39.169,0.045
845,1.759,1.172,0.879,0.293,121950636883861456,18498867.376,739954.695,0.046,39.907,39.501,39.214,0.045
846,1.759,1.172,0.879,0.293,127522415816480960,18868844.724,754753.789,0.046,39.952,39.546,39.258,0.045
847,1.759,1.172,0.879,0.293,133348761128419632,19246221.618,769848.865,0.046,39.997,39.591,39.303,0.045
848,1.759,1.172,0.879,0.293,139441303529932080,19631146.051,785245.842,0.046,40.041,39.635,39.348,0.045
849,1.759,1.172,0.879,0.293,145812205117071360,20023768.972,800950.759,0.046,40.086,39.68,39.392,0.045
850,1.759,1.172,0.879,0.293,152474183649668256,20424244.351,816969.774,0.046,40.131,39.725,39.437,0.045
851,1.759,1.172,0.879,0.293,159440537938521888,20832729.238,833309.17,0.046,40.175,39.77,39.482,0.045
852,1.759,1.172,0.879,0.293,166725174392479168,21249383.823,849975.353,0.046,40.22,39.814,39.527,0.045
853,1.759,1.172,0.879,0.293,174342634778395968,21674371.499,866974.86,0.046,40.265,39.859,39.571,0.045
854,1.759,1.172,0.879,0.293,182308125249394016,22107858.929,884314.357,0.046,40.309,39.904,39.616,0.045
855,1.759,1.172,0.879,0.293,190637546699359360,22550016.108,902000.644,0.046,40.354,39.948,39.661,0.045
856,1.759,1.172,0.879,0.293,199347526504275296,23001016.43,920040.657,0.046,40.399,39.993,39.705,0.045
857,1.759,1.172,0.879,0.293,208455451713751680,23461036.759,938441.47,0.046,40.443,40.038,39.75,0.045
858,1.759,1.172,0.879,0.293,217979503759006688,23930257.494,957210.3,0.046,40.488,40.082,39.795,0.045
859,1.759,1.172,0.879,0.293,227938694746584704,24408862.644,976354.506,0.046,40.533,40.127,39.839,0.045
860,1.759,1.172,0.879,0.293,238352905410259200,24897039.897,995881.596,0.046,40.577,40.172,39.884,0.045
861,1.759,1.172,0.879,0.293,249242924796879520,25394980.695,1015799.228,0.046,40.622,40.216,39.929,0.045
862,1.759,1.172,0.879,0.293,260630491765381888,25902880.308,1036115.212,0.046,40.667,40.261,39.973,0.045
863,1.759,1.172,0.879,0.293,272538338381804128,26420937.915,1056837.517,0.046,40.711,40.306,40.018,0.045
864,1.759,1.172,0.879,0.293,284990235296928384,26949356.673,1077974.267,0.046,40.756,40.35,40.063,0.045
865,1.759,1.172,0.879,0.293,298011039197134336,27488343.806,1099533.752,0.046,40.801,40.395,40.107,0.045
866,1.759,1.172,0.879,0.293,311626742423182784,28038110.682,1121524.427,0.046,40.846,40.44,40.152,0.045
867,1.759,1.172,0.879,0.293,325864524855978368,28598872.896,1143954.916,0.046,40.89,40.484,40.197,0.045
868,1.759,1.172,0.879,0.293,340752808172884224,29170850.354,1166834.014,0.046,40.935,40.529,40.241,0.045
869,1.759,1.172,0.879,0.293,356321312582894784,29754267.361,1190170.694,0.046,40.98,40.574,40.286,0.045
870,1.759,1.172,0.879,0.293,372601116153919616,30349352.708,1213974.108,0.046,41.024,40.618,40.331,0.045
871,1.759,1.172,0.879,0.293,389624716850606848,30956339.763,1238253.591,0.046,41.069,40.663,40.375,0.045
872,1.759,1.172,0.879,0.293,407426097406544768,31575466.558,1263018.662,0.046,41.114,40.708,40.42,0.045
873,1.759,1.172,0.879,0.293,426040793160338176,32206975.889,1288279.036,0.046,41.158,40.752,40.465,0.045
874,1.759,1.172,0.879,0.293,445505962990972608,32851115.407,1314044.616,0.046,41.203,40.797,40.509,0.045
875,1.759,1.172,0.879,0.293,465860463494066368,33508137.715,1340325.509,0.046,41.248,40.842,40.554,0.045
876,1.759,1.172,0.879,0.293,487144926547079104,34178300.469,1367132.019,0.046,41.292,40.886,40.599,0.045
877,1.759,1.172,0.879,0.293,509401840418311744,34861866.479,1394474.659,0.046,41.337,40.931,40.643,0.045
878,1.759,1.172,0.879,0.293,532675634581605312,35559103.808,1422364.152,0.046,41.382,40.976,40.688,0.045
879,1.759,1.172,0.879,0.293,557012768406044544,36270285.884,1450811.435,0.046,41.426,41.02,40.733,0.045
880,1.759,1.172,0.879,0.293,582461823897706240,36995691.602,1479827.664,0.046,41.471,41.065,40.777,0.045
881,1.759,1.172,0.879,0.293,609073602678582656,37735605.434,1509424.217,0.046,41.516,41.11,40.822,0.045
882,1.759,1.172,0.879,0.293,636901227396265472,38490317.543,1539612.702,0.046,41.56,41.154,40.867,0.045
883,1.759,1.172,0.879,0.293,666000247766824704,39260123.894,1570404.956,0.046,41.605,41.199,40.911,0.045
884,1.759,1.172,0.879,0.293,696428751462560640,40045326.371,1601813.055,0.046,41.65,41.244,40.956,0.045
885,1.759,1.172,0.879,0.293,728247480065982080,40846232.899,1633849.316,0.046,41.694,41.288,41.001,0.045
886,1.759,1.172,0.879,0.293,761519950321475584,41663157.557,1666526.302,0.046,41.739,41.333,41.045,0.045
887,1.759,1.172,0.879,0.293,796312580926705664,42496420.708,1699856.828,0.046,41.784,41.378,41.09,0.045
888,1.759,1.172,0.879,0.293,832694825116843520,43346349.122,1733853.965,0.046,41.828,41.423,41.135,0.045
889,1.759,1.172,0.879,0.293,870739309306287104,44213276.105,1768531.044,0.046,41.873,41.467,41.18,0.045
890,1.759,1.172,0.879,0.293,910521978064625536,45097541.627,1803901.665,0.046,41.918,41.512,41.224,0.045
891,1.759,1.172,0.879,0.293,952122245716245760,45999492.459,1839979.698,0.046,41.962,41.557,41.269,0.045
892,1.759,1.172,0.879,0.293,995623154866201216,46919482.308,1876779.292,0.046,42.007,41.601,41.314,0.045
893,1.759,1.172,0.879,0.293,1041111542168788864,47857871.955,1914314.878,0.046,42.052,41.646,41.358,0.045
894,1.759,1.172,0.879,0.293,1088678211669737088,48815029.394,1952601.176,0.046,42.096,41.691,41.403,0.045
895,1.759,1.172,0.879,0.293,1138418116068027136,49791329.981,1991653.199,0.046,42.141,41.735,41.448,0.045
896,1.759,1.172,0.879,0.293,1190430546259178496,50787156.581,2031486.263,0.046,42.186,41.78,41.492,0.045
897,1.759,1.172,0.879,0.293,1244819329538360576,51802899.713,2072115.989,0.046,42.23,41.825,41.537,0.045
898,1.759,1.172,0.879,0.293,1301693036858978304,52838957.707,2113558.308,0.046,42.275,41.869,41.582,0.045
899,1.759,1.172,0.879,0.293,1361165199560457216,53895736.861,2155829.474,0.046,42.32,41.914,41.626,0.045
900,1.759,1.172,0.879,0.293,1423354535997855488,54973651.598,2198946.064,0.046,42.364,41.959,41.671,0.045
901,1.759,1.172,0.879,0.293,1488385188525694720,56073124.63,2242924.985,0.046,42.409,42.003,41.716,0.045
902,1.759,1.172,0.879,0.293,1556386971309070592,57194587.123,2287783.485,0.046,42.454,42.048,41.76,0.045
903,1.759,1.172,0.879,0.293,1627495629456720384,58338478.865,2333539.155,0.046,42.499,42.093,41.805,0.045
904,1.759,1.172,0.879,0.293,1701853109993320192,59505248.443,2380209.938,0.046,42.543,42.137,41.85,0.045
905,1.759,1.172,0.879,0.293,1779607845211921920,60695353.412,2427814.136,0.046,42.588,42.182,41.894,0.045
906,1.759,1.172,0.879,0.293,1860915048972150016,61909260.48,2476370.419,0.046,42.633,42.227,41.939,0.045
907,1.759,1.172,0.879,0.293,1945937026535623680,63147445.689,2525897.828,0.046,42.677,42.271,41.984,0.045
908,1.759,1.172,0.879,0.293,2034843498557086976,64410394.603,2576415.784,0.046,42.722,42.316,42.028,0.045
909,1.759,1.172,0.879,0.293,2127811939877993728,65698602.495,2627944.1,0.046,42.767,42.361,42.073,0.045
910,1.759,1.172,0.879,0.293,2225027933798836992,67012574.545,2680502.982,0.046,42.811,42.405,42.118,0.045
911,1.759,1.172,0.879,0.293,2326685542537412096,68352826.036,2734113.041,0.046,42.856,42.45,42.162,0.045
912,1.759,1.172,0.879,0.293,2432987694612514304,69719882.557,2788795.302,0.046,42.901,42.495,42.207,0.045
913,1.759,1.172,0.879,0.293,2544146589926356992,71114280.208,2844571.208,0.046,42.945,42.539,42.252,0.045
914,1.759,1.172,0.879,0.293,2660384123354323968,72536565.812,2901462.632,0.046,42.99,42.584,42.296,0.045
915,1.759,1.172,0.879,0.293,2781932327687619072,73987297.128,2959491.885,0.046,43.035,42.629,42.341,0.045
916,1.759,1.172,0.879,0.293,2.909033836813e+18,75467043.071,3018681.723,0.046,43.079,42.673,42.386,0.045
917,1.759,1.172,0.879,0.293,3041942370054176256,76976383.932,3079055.357,0.046,43.124,42.718,42.43,0.045
918,1.759,1.172,0.879,0.293,3180923238641741824,78515911.611,3140636.464,0.046,43.169,42.763,42.475,0.045
919,1.759,1.172,0.879,0.293,3326253875322570240,80086229.843,3203449.194,0.046,43.213,42.807,42.52,0.045
920,1.759,1.172,0.879,0.293,3478224388165941760,81687954.44,3267518.178,0.046,43.258,42.852,42.564,0.045
921,1.759,1.172,0.879,0.293,3637138139671850496,83321713.529,3332868.541,0.046,43.303,42.897,42.609,0.045
922,1.759,1.172,0.879,0.293,3803312352337506304,84988147.799,3399525.912,0.046,43.347,42.941,42.654,0.045
923,1.759,1.172,0.879,0.293,3977078741890848256,86687910.755,3467516.43,0.046,43.392,42.986,42.698,0.045
924,1.759,1.172,0.879,0.293,4158784179455111680,88421668.97,3536866.759,0.046,43.437,43.031,42.743,0.045
925,1.759,1.172,0.879,0.293,4348791383966246400,90190102.35,3607604.094,0.046,43.481,43.076,42.788,0.045
926,1.759,1.172,0.879,0.293,4547479646225369088,91993904.397,3679756.176,0.046,43.526,43.12,42.832,0.045
927,1.759,1.172,0.879,0.293,4755245586031588352,93833782.485,3753351.299,0.046,43.571,43.165,42.877,0.045
928,1.759,1.172,0.879,0.293,4972503943906568192,95710458.134,3828418.325,0.046,43.615,43.21,42.922,0.045
929,1.759,1.172,0.879,0.293,5199688408991249408,97624667.297,3904986.692,0.046,43.66,43.254,42.967,0.045
930,1.759,1.172,0.879,0.293,5437252484767357952,99577160.643,3983086.426,0.046,43.705,43.299,43.011,0.045
931,1.759,1.172,0.879,0.293,5685670394331826176,101568703.856,4062748.154,0.046,43.749,43.344,43.056,0.045
932,1.759,1.172,0.879,0.293,5945438027031213056,103600077.933,4144003.117,0.046,43.794,43.388,43.101,0.045
933,1.759,1.172,0.879,0.293,6217073928345776128,105672079.492,4226883.18,0.046,43.839,43.433,43.145,0.045
934,1.759,1.172,0.879,0.293,6501120334999161856,107785521.082,4311420.843,0.046,43.883,43.478,43.19,0.045
935,1.759,1.172,0.879,0.293,6798144257359986688,109941231.503,4397649.26,0.046,43.928,43.522,43.235,0.045
936,1.759,1.172,0.879,0.293,7108738611295960064,112140056.133,4485602.245,0.046,43.973,43.567,43.279,0.045
937,1.759,1.172,0.879,0.293,7433523401739931648,114382857.256,4575314.29,0.046,44.017,43.612,43.324,0.045
938,1.759,1.172,0.879,0.293,7773146960330461184,116670514.401,4666820.576,0.046,44.062,43.656,43.369,0.045
939,1.759,1.172,0.879,0.293,8128287239597458432,119003924.689,4760156.988,0.046,44.107,43.701,43.413,0.045
940,1.759,1.172,0.879,0.293,8499653166276311040,121384003.183,4855360.127,0.046,44.151,43.746,43.458,0.045
941,1.759,1.172,0.879,0.293,8887986056451947520,123811683.247,4952467.33,0.046,44.196,43.79,43.503,0.045
942,1.759,1.172,0.879,0.293,9294061095357706240,126287916.911,5051516.676,0.046,44.241,43.835,43.547,0.045
943,1.759,1.172,0.879,0.293,9718688884782948352,128813675.25,5152547.01,0.046,44.286,43.88,43.592,0.045
944,1.759,1.172,0.879,0.293,10162717061178302464,131389948.755,5255597.95,0.046,44.33,43.924,43.637,0.045
945,1.759,1.172,0.879,0.293,10627031987688566784,134017747.73,5360709.909,0.046,44.375,43.969,43.681,0.045
946,1.759,1.172,0.879,0.293,11112560523490840576,136698102.684,5467924.107,0.046,44.42,44.014,43.726,0.045
947,1.759,1.172,0.879,0.293,11620271873969805312,139432064.738,5577282.59,0.046,44.464,44.058,43.771,0.045
948,1.759,1.172,0.879,0.293,12151179525423417344,142220706.033,5688828.241,0.046,44.509,44.103,43.815,0.045
949,1.759,1.172,0.879,0.293,1.2706343268161e+19,145065120.154,5802604.806,0.046,44.554,44.148,43.86,0.045
950,1.759,1.172,0.879,0.293,13286871312032319488,147966422.557,5918656.902,0.046,44.598,44.192,43.905,0.045
951,1.759,1.172,0.879,0.293,13893922498610198528,150925751.008,6037030.04,0.046,44.643,44.237,43.949,0.045
952,1.759,1.172,0.879,0.293,14528708614443241472,153944266.028,6157770.641,0.046,44.688,44.282,43.994,0.045
953,1.759,1.172,0.879,0.293,15192496809995646976,157023151.348,6280926.054,0.046,44.732,44.326,44.039,0.045
954,1.759,1.172,0.879,0.293,15886612129103134720,160163614.375,6406544.575,0.046,44.777,44.371,44.083,0.045
955,1.759,1.172,0.879,0.293,16612440153994061824,163366886.663,6534675.467,0.046,44.822,44.416,44.128,0.045
956,1.759,1.172,0.879,0.293,17371429771155697664,166634224.396,6665368.976,0.046,44.866,44.46,44.173,0.045
957,1.759,1.172,0.879,0.293,18165096063566757888,169966908.884,6798676.355,0.046,44.911,44.505,44.217,0.045
958,1.759,1.172,0.879,0.293,18995023335069634560,173366247.062,6934649.882,0.046,44.956,44.55,44.262,0.045
959,1.759,1.172,0.879,0.293,19862868272919445504,176833572.003,7073342.88,0.046,45,44.594,44.307,0.045
960,1.759,1.172,0.879,0.293,20770363254822928384,180370243.443,7214809.738,0.046,45.045,44.639,44.351,0.045
961,1.759,1.172,0.879,0.293,21719319807068565504,183977648.312,7359105.932,0.046,45.09,44.684,44.396,0.045
962,1.759,1.172,0.879,0.293,2.2711632220651e+19,187657201.278,7506288.051,0.046,45.134,44.728,44.441,0.045
963,1.759,1.172,0.879,0.293,2.3749281332608e+19,191410345.304,7656413.812,0.046,45.179,44.773,44.485,0.045
964,1.759,1.172,0.879,0.293,24834338480118624256,195238552.21,7809542.088,0.046,45.224,44.818,44.53,0.045
965,1.759,1.172,0.879,0.293,25968969635254726656,199143323.254,7965732.93,0.046,45.268,44.863,44.575,0.045
966,1.759,1.172,0.879,0.293,27155439728640655360,203126189.719,8125047.589,0.046,45.313,44.907,44.62,0.045
967,1.759,1.172,0.879,0.293,28396117170650923008,207188713.513,8287548.541,0.046,45.358,44.952,44.664,0.045
968,1.759,1.172,0.879,0.293,29693478579171446784,211332487.784,8453299.511,0.046,45.402,44.997,44.709,0.045
969,1.759,1.172,0.879,0.293,31050113723361607680,215559137.539,8622365.502,0.046,45.447,45.041,44.754,0.045
970,1.759,1.172,0.879,0.293,32468730693285781504,219870320.29,8794812.812,0.046,45.492,45.086,44.798,0.045
971,1.759,1.172,0.879,0.293,33952161305733754880,224267726.696,8970709.068,0.046,45.536,45.131,44.843,0.045
972,1.759,1.172,0.879,0.293,3.5503366757021e+19,228753081.23,9150123.249,0.046,45.581,45.175,44.888,0.045
973,1.759,1.172,0.879,0.293,37125443534052835328,233328142.855,9333125.714,0.046,45.626,45.22,44.932,0.045
974,1.759,1.172,0.879,0.293,38821629595451654144,237994705.712,9519788.228,0.046,45.67,45.265,44.977,0.045
975,1.759,1.172,0.879,0.293,40595310835086327808,242754599.826,9710183.993,0.046,45.715,45.309,45.022,0.045
976,1.759,1.172,0.879,0.293,42450027840905601024,247609691.822,9904387.673,0.046,45.76,45.354,45.066,0.045
977,1.759,1.172,0.879,0.293,44389482962567487488,252561885.659,10102475.426,0.046,45.804,45.399,45.111,0.045
978,1.759,1.172,0.879,0.293,46417547701972860928,257613123.372,10304524.935,0.046,45.849,45.443,45.156,0.045
979,1.759,1.172,0.879,0.293,4.8538270441456e+19,262765385.839,10510615.434,0.046,45.894,45.488,45.2,0.045
980,1.759,1.172,0.879,0.293,50755884525058523136,268020693.556,10720827.742,0.046,45.938,45.533,45.245,0.045
981,1.759,1.172,0.879,0.293,53074816709019385856,273381107.427,10935244.297,0.046,45.983,45.577,45.29,0.045
982,1.759,1.172,0.879,0.293,55499695998347788288,278848729.576,11153949.183,0.046,46.028,45.622,45.334,0.045
983,1.759,1.172,0.879,0.293,58035362887120060416,284425704.167,11377028.167,0.046,46.073,45.667,45.379,0.045
984,1.759,1.172,0.879,0.293,60686879020944637952,290114218.251,11604568.73,0.046,46.117,45.711,45.424,0.045
985,1.759,1.172,0.879,0.293,63459537300883472384,295916502.616,11836660.105,0.046,46.162,45.756,45.468,0.045
986,1.759,1.172,0.879,0.293,66358872448998875136,301834832.668,12073393.307,0.046,46.207,45.801,45.513,0.045
987,1.759,1.172,0.879,0.293,69390672056616493056,307871529.321,12314861.173,0.046,46.251,45.845,45.558,0.045
988,1.759,1.172,0.879,0.293,72560988137358606336,314028959.908,12561158.396,0.046,46.296,45.89,45.602,0.045
989,1.759,1.172,0.879,0.293,75876149208009539584,320309539.106,12812381.564,0.046,46.341,45.935,45.647,0.045
990,1.759,1.172,0.879,0.293,79342772921328648192,326715729.888,13068629.196,0.046,46.385,45.979,45.692,0.045
991,1.759,1.172,0.879,0.293,82967779276028149760,333250044.486,13330001.779,0.046,46.43,46.024,45.736,0.045
992,1.759,1.172,0.879,0.293,86758404430285144064,339915045.376,13596601.815,0.046,46.475,46.069,45.781,0.045
993,1.759,1.172,0.879,0.293,90722215146361864192,346713346.283,13868533.851,0.046,46.519,46.113,45.826,0.045
994,1.759,1.172,0.879,0.293,94867123895168155648,353647613.209,14145904.528,0.046,46.564,46.158,45.87,0.045
995,1.759,1.172,0.879,0.293,99201404650917429248,360720565.473,14428822.619,0.046,46.609,46.203,45.915,0.045
996,1.759,1.172,0.879,0.293,1.03733709407405e+20,367934976.782,14717399.071,0.046,46.653,46.247,45.96,0.045
997,1.759,1.172,0.879,0.293,1.08473085448877e+20,375293676.318,15011747.053,0.046,46.698,46.292,46.004,0.045
998,1.759,1.172,0.879,0.293,1.1342899340997e+20,382799549.844,15311981.994,0.046,46.743,46.337,46.049,0.045
999,1.759,1.172,0.879,0.293,1.18611326160761e+20,390455540.841,15618221.634,0.046,46.787,46.381,46.094,0.045
1000,1.759,1.172,0.879,0.293,1.24030428554642e+20,398264651.658,15930586.066,0.046,46.832,46.426,46.138,0.045
