t,s,n,alpha,phi,delta,k,y,c,sy,L,K,A,ln(y),ln(k),ln(c) ,g
0,0.25,0.02,0.33,0.6,0.1,2.127521149,1.282916475,0.962187356,0.320729119,1,6.602139779,3.103207591,1.381572266,1.887393805,1.093890193,
1,0.25,0.02,0.33,0.6,0.1,2.127521149,1.282916475,0.962187356,0.320729119,1.02,6.937214837,3.19676776,1.411276207,1.917097746,1.123594134,0.029703941
2,0.25,0.02,0.33,0.6,0.1,2.127521149,1.282916475,0.962187356,0.320729119,1.0404,7.28929579,3.293148721,1.440980147,1.946801687,1.153298075,0.029703941
3,0.25,0.02,0.33,0.6,0.1,2.127521149,1.282916475,0.962187356,0.320729119,1.061208,7.659245729,3.392435521,1.470684088,1.976505628,1.183002016,0.029703941
4,0.25,0.02,0.33,0.6,0.1,2.127521149,1.282916475,0.962187356,0.320729119,1.08243216,8.047971551,3.494715768,1.500388029,2.006209569,1.212705957,0.029703941
5,0.25,0.02,0.33,0.6,0.1,2.127521149,1.282916475,0.962187356,0.320729119,1.104080803,8.456426177,3.600079714,1.53009197,2.03591351,1.242409898,0.029703941
6,0.25,0.02,0.33,0.6,0.1,2.127521149,1.282916475,0.962187356,0.320729119,1.126162419,8.885610894,3.708620331,1.559795911,2.065617451,1.272113839,0.029703941
7,0.25,0.02,0.33,0.6,0.1,2.127521149,1.282916475,0.962187356,0.320729119,1.148685668,9.336577805,3.820433393,1.589499852,2.095321392,1.30181778,0.029703941
8,0.25,0.02,0.33,0.6,0.1,2.127521149,1.282916475,0.962187356,0.320729119,1.171659381,9.810432413,3.935617564,1.619203793,2.125025333,1.331521721,0.029703941
9,0.25,0.02,0.33,0.6,0.1,2.127521149,1.282916475,0.962187356,0.320729119,1.195092569,10.30833632,4.05427448,1.648907734,2.154729274,1.361225662,0.029703941
10,0.35,0.02,0.33,0.6,0.1,2.127521149,1.282916475,0.962187356,0.449020766,1.21899442,10.8315101,4.176508844,1.678611675,2.184433215,1.390929603,0.029703941
11,0.35,0.02,0.33,0.6,0.1,2.17554315,1.292401167,0.840060759,0.452340408,1.243374308,12.03438711,4.448917849,1.749162745,2.269939244,1.318379828,0.07055107
12,0.35,0.02,0.33,0.6,0.1,2.222137851,1.301470801,0.845956021,0.45551478,1.268241795,13.33314634,4.731072327,1.817646895,2.352621613,1.386863979,0.06848415
13,0.35,0.02,0.33,0.6,0.1,2.26732656,1.310145848,0.851594801,0.458551047,1.29360663,14.73298582,5.023130516,1.884191814,2.432654759,1.453408897,0.066544919
14,0.35,0.02,0.33,0.6,0.1,2.311132538,1.318445557,0.856989612,0.461455945,1.319478763,16.23933128,5.325260838,1.948915129,2.510199374,1.518132212,0.064723315
15,0.35,0.02,0.33,0.6,0.1,2.353580688,1.326388049,0.862152232,0.464235817,1.345868338,17.85785,5.63764211,2.011925408,2.585403778,1.581142492,0.06301028
16,0.35,0.02,0.33,0.6,0.1,2.394697272,1.333990401,0.86709376,0.46689664,1.372785705,19.59446541,5.960463757,2.073323041,2.658405113,1.642540125,0.061397633
17,0.35,0.02,0.33,0.6,0.1,2.434509662,1.341268718,0.871824667,0.469444051,1.400241419,21.45537236,6.293926017,2.133201015,2.729330409,1.702418099,0.059877973
18,0.35,0.02,0.33,0.6,0.1,2.473046113,1.348238209,0.876354836,0.471883373,1.428246248,23.44705301,6.638240142,2.191645599,2.798297524,1.760862683,0.058444584
19,0.35,0.02,0.33,0.6,0.1,2.51033557,1.354913242,0.880693607,0.474219635,1.456811173,25.57629359,6.993628599,2.248736959,2.865415972,1.817954043,0.05709136
20,0.35,0.02,0.33,0.6,0.1,2.546407491,1.361307409,0.884849816,0.476457593,1.485947396,27.85020179,7.360325278,2.304549695,2.930787666,1.873766779,0.055812736
21,0.35,0.02,0.33,0.6,0.1,2.581291689,1.36743357,0.88883182,0.478601749,1.515666344,30.27622507,7.738575696,2.359153328,2.99450758,1.928370412,0.054603633
22,0.35,0.02,0.33,0.6,0.1,2.615018195,1.373303908,0.89264754,0.480656368,1.545979671,32.86216974,8.128637205,2.412612732,3.05666434,1.981829816,0.053459404
23,0.35,0.02,0.33,0.6,0.1,2.647617141,1.37892997,0.89630448,0.482625489,1.576899264,35.61622092,8.530779211,2.464988521,3.11734075,2.034205605,0.052375789
24,0.35,0.02,0.33,0.6,0.1,2.679118646,1.384322706,0.899809759,0.484512947,1.608437249,38.54696353,8.945283391,2.516337397,3.176614275,2.085554481,0.051348876
25,0.35,0.02,0.33,0.6,0.1,2.709552725,1.38949251,0.903170132,0.486322379,1.640605994,41.6634041,9.372443922,2.566712466,3.234557462,2.13592955,0.050375069
26,0.35,0.02,0.33,0.6,0.1,2.738949209,1.39444925,0.906392012,0.488057237,1.673418114,44.97499375,9.81256772,2.616163519,3.291238331,2.185380603,0.049451053
27,0.35,0.02,0.33,0.6,0.1,2.767337671,1.399202303,0.909481497,0.489720806,1.706886477,48.49165219,10.26597468,2.664737288,3.346720726,2.233954372,0.048573769
28,0.35,0.02,0.33,0.6,0.1,2.79474736,1.403760582,0.912444378,0.491316204,1.741024206,52.22379284,10.73299794,2.712477681,3.401064628,2.281694765,0.047740392
29,0.35,0.02,0.33,0.6,0.1,2.821207156,1.408132565,0.915286167,0.492846398,1.77584469,56.18234919,11.21398412,2.759425986,3.454326445,2.32864307,0.046948306
30,0.35,0.02,0.33,0.6,0.1,2.846745515,1.412326321,0.918012108,0.494314212,1.811361584,60.37880241,11.70929363,2.805621072,3.506559271,2.374838155,0.046195085
31,0.35,0.02,0.33,0.6,0.1,2.871390433,1.416349528,0.920627193,0.495722335,1.847588816,64.82521028,12.21930093,2.851099552,3.557813129,2.420316636,0.04547848
32,0.35,0.02,0.33,0.6,0.1,2.895169416,1.420209503,0.923136177,0.497073326,1.884540592,69.53423751,12.74439484,2.895895952,3.608135184,2.465113036,0.0447964
33,0.35,0.02,0.33,0.6,0.1,2.918109446,1.423913214,0.925543589,0.498369625,1.922231404,74.51918756,13.28497883,2.940042852,3.657569943,2.509259936,0.0441469
34,0.35,0.02,0.33,0.6,0.1,2.940236963,1.427467305,0.927853748,0.499613557,1.960676032,79.79403599,13.84147139,2.983571017,3.706159437,2.552788101,0.043528166
35,0.35,0.02,0.33,0.6,0.1,2.961577845,1.430878112,0.930070773,0.500807339,1.999889553,85.37346544,14.41430629,3.026509526,3.753943388,2.59572661,0.042938509
36,0.35,0.02,0.33,0.6,0.1,2.982157392,1.434151677,0.93219859,0.501953087,2.039887344,91.27290237,15.00393301,3.068885876,3.800959363,2.63810296,0.04237635
37,0.35,0.02,0.33,0.6,0.1,3.002000318,1.437293767,0.934240949,0.503052818,2.080685091,97.50855549,15.61081704,3.110726091,3.847242913,2.679943174,0.041840215
38,0.35,0.02,0.33,0.6,0.1,3.02113074,1.440309886,0.936201426,0.50410846,2.122298792,104.0974563,16.23544027,3.152054813,3.892827702,2.721271897,0.041328722
39,0.35,0.02,0.33,0.6,0.1,3.039572176,1.443205289,0.938083438,0.505121851,2.164744768,111.0575012,16.87830143,3.192895393,3.937745632,2.762112477,0.04084058
40,0.35,0.02,0.33,0.6,0.1,3.057347539,1.445984998,0.939890248,0.506094749,2.208039664,118.4074967,17.53991642,3.233269971,3.982026945,2.802487055,0.040374577
41,0.35,0.02,0.33,0.6,0.1,3.07447914,1.448653806,0.941624974,0.507028832,2.252200457,126.1672051,18.22081881,3.273199547,4.025700333,2.84241663,0.039929576
42,0.35,0.02,0.33,0.6,0.1,3.090988686,1.451216298,0.943290594,0.507925704,2.297244466,134.3573945,18.92156021,3.312704055,4.068793026,2.881921139,0.039504508
43,0.35,0.02,0.33,0.6,0.1,3.106897285,1.453676854,0.944889955,0.508786899,2.343189355,142.99989,19.64271077,3.351802425,4.111330887,2.921019509,0.03909837
44,0.35,0.02,0.33,0.6,0.1,3.122225452,1.456039664,0.946425781,0.509613882,2.390053142,152.1176274,20.38485965,3.390512642,4.153338485,2.959729726,0.038710218
45,0.35,0.02,0.33,0.6,0.1,3.136993111,1.458308733,0.947900676,0.510408056,2.437854205,161.7347105,21.1486155,3.428851804,4.194839175,2.998068888,0.038339162
46,0.35,0.02,0.33,0.6,0.1,3.151219607,1.460487893,0.94931713,0.511170762,2.486611289,171.8764708,21.93460695,3.466836168,4.23585517,3.036053252,0.037984364
47,0.35,0.02,0.33,0.6,0.1,3.164923709,1.462580811,0.950677527,0.511903284,2.536343515,182.5695295,22.74348317,3.504481204,4.276407601,3.073698288,0.037645036
48,0.35,0.02,0.33,0.6,0.1,3.178123622,1.464590995,0.951984147,0.512606848,2.587070385,193.8418639,23.57591441,3.541801634,4.316516582,3.111018718,0.03732043
49,0.35,0.02,0.33,0.6,0.1,3.190836996,1.466521803,0.953239172,0.513282631,2.638811793,205.7228763,24.43259256,3.578811478,4.356201265,3.148028562,0.037009844
50,0.35,0.02,0.33,0.6,0.1,3.203080935,1.468376452,0.954444694,0.513931758,2.691588029,218.2434666,25.3142317,3.615524091,4.395479894,3.184741175,0.036712613
51,0.35,0.02,0.33,0.6,0.1,3.214872009,1.470158018,0.955602712,0.514555306,2.74541979,231.4361085,26.22156877,3.651952198,4.434369854,3.221169282,0.036428107
52,0.35,0.02,0.33,0.6,0.1,3.226226265,1.471869451,0.956715143,0.515154308,2.800328185,245.3349296,27.15536417,3.68810793,4.472887717,3.257325014,0.036155732
53,0.35,0.02,0.33,0.6,0.1,3.237159237,1.473513574,0.957783823,0.515729751,2.856334749,259.9757956,28.11640236,3.724002855,4.511049286,3.293219939,0.035894925
54,0.35,0.02,0.33,0.6,0.1,3.247685958,1.475093092,0.95881051,0.516282582,2.913461444,275.3963987,29.1054926,3.759648006,4.548869635,3.32886509,0.035645152
55,0.35,0.02,0.33,0.6,0.1,3.257820973,1.476610597,0.959796888,0.516813709,2.971730673,291.6363501,30.12346963,3.795053914,4.586363148,3.364270998,0.035405908
56,0.35,0.02,0.33,0.6,0.1,3.267578349,1.478068574,0.960744573,0.517324001,3.031165286,308.7372781,31.17119432,3.830230627,4.623543554,3.399447711,0.035176713
57,0.35,0.02,0.33,0.6,0.1,3.276971689,1.479469402,0.961655111,0.517814291,3.091788592,326.7429303,32.24955451,3.865187741,4.66042396,3.434404824,0.034957113
58,0.35,0.02,0.33,0.6,0.1,3.286014144,1.480815363,0.962529986,0.518285377,3.153624364,345.6992813,33.35946568,3.899934418,4.697016885,3.469151502,0.034746677
59,0.35,0.02,0.33,0.6,0.1,3.294718422,1.482108645,0.963370619,0.518738026,3.216696851,365.6546456,34.50187181,3.934479412,4.733334286,3.503696496,0.034544994
60,0.35,0.02,0.33,0.6,0.1,3.303096804,1.483351344,0.964178374,0.519172971,3.281030788,386.659797,35.67774615,3.968831087,4.769387591,3.538048171,0.034351675
61,0.35,0.02,0.33,0.6,0.1,3.311161152,1.484545473,0.964954557,0.519590916,3.346651404,408.7680929,36.88809208,4.002997438,4.80518772,3.572214522,0.034166351
62,0.35,0.02,0.33,0.6,0.1,3.318922924,1.485692959,0.965700423,0.519992536,3.413584432,432.0356057,38.13394397,4.036986106,4.840745113,3.606203189,0.033988668
63,0.35,0.02,0.33,0.6,0.1,3.326393185,1.486795651,0.966417173,0.520378478,3.481856121,456.521261,39.41636809,4.070804398,4.876069753,3.640021482,0.033818293
64,0.35,0.02,0.33,0.6,0.1,3.333582618,1.487855325,0.967105961,0.520749364,3.551493243,482.2869817,40.73646351,4.104459304,4.911171188,3.673676388,0.033654906
65,0.35,0.02,0.33,0.6,0.1,3.340501533,1.488873681,0.967767893,0.521105788,3.622523108,509.3978409,42.0953631,4.13795751,4.94605855,3.707174594,0.033498205
66,0.35,0.02,0.33,0.6,0.1,3.347159884,1.489852353,0.968404029,0.521448323,3.69497357,537.9222213,43.49423444,4.171305411,4.980740578,3.740522495,0.033347901
67,0.35,0.02,0.33,0.6,0.1,3.353567273,1.490792906,0.969015389,0.521777517,3.768873042,567.9319836,44.93428093,4.204509129,5.015225636,3.773726213,0.033203718
68,0.35,0.02,0.33,0.6,0.1,3.359732968,1.491696845,0.969602949,0.522093896,3.844250503,599.5026426,46.41674276,4.237574523,5.049521726,3.806791607,0.033065395
69,0.35,0.02,0.33,0.6,0.1,3.365665906,1.492565611,0.970167647,0.522397964,3.921135513,632.7135532,47.94289802,4.270507204,5.083636514,3.839724288,0.03293268
70,0.35,0.02,0.33,0.6,0.1,3.371374711,1.493400589,0.970710383,0.522690206,3.999558223,667.6481045,49.51406383,4.303312541,5.117577334,3.872529625,0.032805337
71,0.35,0.02,0.33,0.6,0.1,3.376867698,1.494203107,0.971232019,0.522971087,4.079549387,704.3939255,51.13159746,4.335995678,5.151351215,3.905212762,0.032683137
72,0.35,0.02,0.33,0.6,0.1,3.382152885,1.494974441,0.971733386,0.523241054,4.161140375,743.0430997,52.79689755,4.368561541,5.184964885,3.937778624,0.032565863
73,0.35,0.02,0.33,0.6,0.1,3.387238005,1.495715814,0.972215279,0.523500535,4.244363183,783.6923912,54.51140529,4.401014849,5.218424793,3.970231933,0.032453308
74,0.35,0.02,0.33,0.6,0.1,3.392130511,1.496428402,0.972678462,0.523749941,4.329250446,826.4434824,56.27660572,4.433360124,5.251737113,4.002577208,0.032345275
75,0.35,0.02,0.33,0.6,0.1,3.396837589,1.497113334,0.973123667,0.523989667,4.415835455,871.4032236,58.09402902,4.465601698,5.284907766,4.034818781,0.032241574
76,0.35,0.02,0.33,0.6,0.1,3.401366165,1.497771691,0.973551599,0.524220092,4.504152164,918.6838951,59.96525182,4.497743722,5.317942422,4.066960806,0.032142025
77,0.35,0.02,0.33,0.6,0.1,3.405722915,1.498404514,0.973962934,0.52444158,4.594235208,968.403483,61.89189865,4.529790178,5.35084652,4.099007262,0.032046455
78,0.35,0.02,0.33,0.6,0.1,3.40991427,1.499012802,0.974358321,0.524654481,4.686119912,1020.685969,63.87564326,4.561744879,5.383625269,4.130961963,0.031954701
79,0.35,0.02,0.33,0.6,0.1,3.41394643,1.499597514,0.974738384,0.52485913,4.77984231,1075.661633,65.9182102,4.593611482,5.416283667,4.162828566,0.031866603
80,0.35,0.02,0.33,0.6,0.1,3.417825367,1.50015957,0.97510372,0.525055849,4.875439156,1133.467376,68.02137626,4.625393495,5.448826504,4.194610579,0.031782013
81,0.35,0.02,0.33,0.6,0.1,3.421556836,1.500699854,0.975454905,0.525244949,4.972947939,1194.247052,70.18697205,4.657094279,5.481258373,4.226311363,0.031700784
82,0.35,0.02,0.33,0.6,0.1,3.425146379,1.501219217,0.975792491,0.525426726,5.072406898,1258.151826,72.4168836,4.68871706,5.51358368,4.257934144,0.031622781
83,0.35,0.02,0.33,0.6,0.1,3.428599336,1.501718473,0.976117007,0.525601465,5.173855036,1325.340539,74.71305403,4.720264931,5.545806651,4.289482014,0.03154787
84,0.35,0.02,0.33,0.6,0.1,3.431920851,1.502198406,0.976428964,0.525769442,5.277332137,1395.980103,77.07748527,4.751740857,5.577931337,4.320957941,0.031475927
85,0.35,0.02,0.33,0.6,0.1,3.435115877,1.50265977,0.97672885,0.525930919,5.382878779,1470.245906,79.51223977,4.783147687,5.609961628,4.352364771,0.031406829
86,0.35,0.02,0.33,0.6,0.1,3.438189185,1.503103285,0.977017136,0.52608615,5.490536355,1548.322246,82.01944235,4.814488149,5.641901254,4.383705233,0.031340462
87,0.35,0.02,0.33,0.6,0.1,3.441145371,1.503529649,0.977294272,0.526235377,5.600347082,1630.402781,84.60128207,4.845764864,5.673753794,4.414981948,0.031276715
88,0.35,0.02,0.33,0.6,0.1,3.443988857,1.503939526,0.977560692,0.526378834,5.712354024,1716.691006,87.26001414,4.876980346,5.705522681,4.446197429,0.031215482
89,0.35,0.02,0.33,0.6,0.1,3.446723905,1.504333558,0.977816813,0.526516745,5.826601104,1807.400747,89.99796191,4.908137006,5.737211212,4.47735409,0.031156661
90,0.35,0.02,0.33,0.6,0.1,3.449354616,1.504712362,0.978063035,0.526649327,5.943133126,1902.756695,92.81751891,4.939237161,5.768822549,4.508454245,0.031100155
91,0.35,0.02,0.33,0.6,0.1,3.451884939,1.505076527,0.978299743,0.526776785,6.061995789,2002.994946,95.72115097,4.970283033,5.800359728,4.539500117,0.031045871
92,0.35,0.02,0.33,0.6,0.1,3.454318677,1.505426623,0.978527305,0.526899318,6.183235705,2108.363588,98.71139837,5.001276754,5.831825663,4.570493837,0.030993721
93,0.35,0.02,0.33,0.6,0.1,3.45665949,1.505763196,0.978746078,0.527017119,6.306900419,2219.123306,101.7908781,5.032220371,5.863223151,4.601437455,0.030943617
94,0.35,0.02,0.33,0.6,0.1,3.458910902,1.506086771,0.978956401,0.52713037,6.433038427,2335.548025,104.9622861,5.06311585,5.894554877,4.632332934,0.030895479
95,0.35,0.02,0.33,0.6,0.1,3.461076304,1.506397851,0.979158603,0.527239248,6.561699196,2457.925575,108.2283997,5.093965078,5.925823418,4.663182162,0.030849228
96,0.35,0.02,0.33,0.6,0.1,3.463158962,1.506696921,0.979352999,0.527343922,6.69293318,2586.558403,111.5920802,5.124769867,5.957031249,4.693986951,0.030804789
97,0.35,0.02,0.33,0.6,0.1,3.465162017,1.506984446,0.97953989,0.527444556,6.826791843,2721.764314,115.056275,5.155531955,5.988180746,4.724749039,0.030762088
98,0.35,0.02,0.33,0.6,0.1,3.467088496,1.507260875,0.979719568,0.527541306,6.96332768,2863.877247,118.6240205,5.186253013,6.019274192,4.755470097,0.030721058
99,0.35,0.02,0.33,0.6,0.1,3.468941308,1.507526636,0.979892313,0.527634322,7.102594234,3013.248098,122.2984449,5.216934645,6.050313776,4.786151729,0.030681632
100,0.35,0.02,0.33,0.6,0.1,3.470723256,1.507782142,0.980058392,0.52772375,7.244646118,3170.245576,126.0827705,5.247578391,6.081301603,4.816795475,0.030643746
101,0.35,0.02,0.33,0.6,0.1,3.472437036,1.508027792,0.980218065,0.527809727,7.389539041,3335.257113,129.9803169,5.278185729,6.112239694,4.847402813,0.030607339
102,0.35,0.02,0.33,0.6,0.1,3.474085243,1.508263965,0.980371577,0.527892388,7.537329821,3508.689808,133.9945039,5.308758081,6.143129989,4.877975165,0.030572352
103,0.35,0.02,0.33,0.6,0.1,3.475670373,1.50849103,0.980519169,0.52797186,7.688076418,3690.97143,138.1288545,5.339296811,6.173974351,4.908513895,0.03053873
104,0.35,0.02,0.33,0.6,0.1,3.47719483,1.508709338,0.98066107,0.528048268,7.841837946,3882.551464,142.3869977,5.369803228,6.204774572,4.939020312,0.030506418
105,0.35,0.02,0.33,0.6,0.1,3.478660925,1.508919228,0.980797498,0.52812173,7.998674705,4083.902215,146.7726721,5.400278593,6.235532369,4.969495677,0.030475364
106,0.35,0.02,0.33,0.6,0.1,3.480070884,1.509121025,0.980928666,0.528192359,8.158648199,4295.519964,151.2897291,5.430724113,6.266249396,4.999941196,0.03044552
107,0.35,0.02,0.33,0.6,0.1,3.481426847,1.509315042,0.981054778,0.528260265,8.321821163,4517.926189,155.9421361,5.46114095,6.296927239,5.030358033,0.030416837
108,0.35,0.02,0.33,0.6,0.1,3.482730874,1.509501581,0.981176028,0.528325553,8.488257586,4751.668838,160.7339802,5.491530219,6.327567422,5.060747303,0.03038927
109,0.35,0.02,0.33,0.6,0.1,3.483984946,1.50968093,0.981292604,0.528388325,8.658022738,4997.323677,165.6694719,5.521892994,6.358171408,5.091110078,0.030362774
110,0.35,0.02,0.33,0.6,0.1,3.485190971,1.509853366,0.981404688,0.528448678,8.831183193,5255.4957,170.7529483,5.552230302,6.388740605,5.121447386,0.030337309
111,0.35,0.02,0.33,0.6,0.1,3.486350782,1.510019157,0.981512452,0.528506705,9.007806857,5526.820613,175.9888775,5.582543134,6.419276365,5.151760218,0.030312832
112,0.35,0.02,0.33,0.6,0.1,3.487466146,1.510178559,0.981616064,0.528562496,9.187962994,5811.966394,181.3818623,5.612832441,6.449779985,5.182049525,0.030289306
113,0.35,0.02,0.33,0.6,0.1,3.488538759,1.51033182,0.981715683,0.528616137,9.371722254,6111.634925,186.9366443,5.643099134,6.480252714,5.212316218,0.030266693
114,0.35,0.02,0.33,0.6,0.1,3.489570255,1.510479176,0.981811464,0.528667712,9.559156699,6426.563722,192.6581079,5.673344092,6.510695749,5.242561176,0.030244958
115,0.35,0.02,0.33,0.6,0.1,3.490562206,1.510620855,0.981903556,0.528717299,9.750339833,6757.527735,198.551285,5.703568158,6.541110243,5.272785242,0.030224066
116,0.35,0.02,0.33,0.6,0.1,3.491516124,1.510757076,0.9819921,0.528764977,9.94534663,7105.341253,204.6213589,5.733772142,6.571497303,5.302989226,0.030203984
117,0.35,0.02,0.33,0.6,0.1,3.492433463,1.510888051,0.982077233,0.528810818,10.14425356,7470.859899,210.8736694,5.763956822,6.601857992,5.333173906,0.03018468
118,0.35,0.02,0.33,0.6,0.1,3.493315621,1.51101398,0.982159087,0.528854893,10.34713863,7854.982728,217.3137173,5.794122947,6.632193331,5.363340031,0.030166125
119,0.35,0.02,0.33,0.6,0.1,3.494163944,1.51113506,0.982237789,0.528897271,10.55408141,8258.654431,223.9471689,5.824271235,6.662504303,5.393488318,0.030148288
120,0.35,0.02,0.33,0.6,0.1,3.494979728,1.511251476,0.98231346,0.528938017,10.76516303,8682.86765,230.7798617,5.854402376,6.692791852,5.42361946,0.030131142
121,0.35,0.02,0.33,0.6,0.1,3.495764218,1.51136341,0.982386217,0.528977194,10.98046629,9128.665416,237.817809,5.884517036,6.723056884,5.45373412,0.03011466
122,0.35,0.02,0.33,0.6,0.1,3.49651861,1.511471033,0.982456172,0.529014862,11.20007562,9597.143699,245.0672055,5.914615852,6.753300272,5.483832936,0.030098816
123,0.35,0.02,0.33,0.6,0.1,3.497244058,1.511574513,0.982523433,0.529051079,11.42407713,10089.4541,252.5344324,5.944699437,6.783522852,5.513916521,0.030083585
124,0.35,0.02,0.33,0.6,0.1,3.497941669,1.511674008,0.982588105,0.529085903,11.65255868,10606.80669,260.2260636,5.97476838,6.813725429,5.543985464,0.030068943
125,0.35,0.02,0.33,0.6,0.1,3.49861251,1.511769673,0.982650287,0.529119385,11.88560985,11150.47292,268.1488708,6.004823248,6.843908779,5.574040331,0.030054868
126,0.35,0.02,0.33,0.6,0.1,3.499257606,1.511861654,0.982710075,0.529151579,12.12332205,11721.78883,276.3098302,6.034864584,6.874073643,5.604081668,0.030041337
127,0.35,0.02,0.33,0.6,0.1,3.499877943,1.511950095,0.982767562,0.529182533,12.36578849,12322.15823,284.716128,6.064892913,6.904220736,5.634109997,0.030028329
128,0.35,0.02,0.33,0.6,0.1,3.50047447,1.512035131,0.982822835,0.529212296,12.61310426,12953.05621,293.3751672,6.094908736,6.934350746,5.66412582,0.030015824
129,0.35,0.02,0.33,0.6,0.1,3.501048099,1.512116894,0.982875981,0.529240913,12.86536634,13616.03272,302.294574,6.124912538,6.964464333,5.694129622,0.030003802
130,0.35,0.02,0.33,0.6,0.1,3.501599707,1.51219551,0.982927081,0.529268428,13.12267367,14312.71639,311.4822043,6.154904782,6.994562131,5.724121866,0.029992244
131,0.35,0.02,0.33,0.6,0.1,3.502130139,1.512271099,0.982976215,0.529294885,13.38512714,15044.81851,320.9461511,6.184885916,7.02464475,5.754103,0.029981133
132,0.35,0.02,0.33,0.6,0.1,3.502640207,1.51234378,0.983023457,0.529320323,13.65282969,15814.13722,330.6947511,6.214856367,7.054712777,5.784073451,0.029970452
133,0.35,0.02,0.33,0.6,0.1,3.50313069,1.512413663,0.983068881,0.529344782,13.92588628,16622.56194,340.7365925,6.24481655,7.084766774,5.814033634,0.029960182
134,0.35,0.02,0.33,0.6,0.1,3.50360234,1.512480857,0.983112557,0.5293683,14.204404,17472.07799,351.0805223,6.27476686,7.114807285,5.843983944,0.02995031
135,0.35,0.02,0.33,0.6,0.1,3.50405588,1.512545465,0.983154552,0.529390913,14.48849208,18364.77145,361.7356542,6.304707678,7.144834828,5.873924762,0.029940818
136,0.35,0.02,0.33,0.6,0.1,3.504492003,1.512607586,0.983194931,0.529412655,14.77826193,19302.83428,372.7113766,6.334639371,7.174849906,5.903856454,0.029931693
137,0.35,0.02,0.33,0.6,0.1,3.504911377,1.512667317,0.983233756,0.529433561,15.07382716,20288.56971,384.0173611,6.36456229,7.204852998,5.933779374,0.02992292
138,0.35,0.02,0.33,0.6,0.1,3.505314646,1.51272475,0.983271087,0.529453662,15.37530371,21324.39784,395.6635706,6.394476776,7.234844568,5.96369386,0.029914485
139,0.35,0.02,0.33,0.6,0.1,3.505702427,1.512779972,0.983306982,0.52947299,15.68280978,22412.86165,407.6602685,6.424383152,7.26482506,5.993600236,0.029906376
140,0.35,0.02,0.33,0.6,0.1,3.506075313,1.51283307,0.983341496,0.529491575,15.99646598,23556.63316,420.0180277,6.454281732,7.294794901,6.023498816,0.02989858
141,0.35,0.02,0.33,0.6,0.1,3.506433877,1.512884125,0.983374681,0.529509444,16.3163953,24758.52,432.7477396,6.484172816,7.324754502,6.0533899,0.029891084
142,0.35,0.02,0.33,0.6,0.1,3.506778669,1.512933215,0.98340659,0.529526625,16.6427232,26021.47232,445.860624,6.514056694,7.354704259,6.083273778,0.029883878
143,0.35,0.02,0.33,0.6,0.1,3.507110215,1.512980417,0.983437271,0.529543146,16.97557767,27348.59002,459.3682389,6.543933643,7.38464455,6.113150727,0.029876949
144,0.35,0.02,0.33,0.6,0.1,3.507429026,1.513025802,0.983466771,0.529559031,17.31508922,28743.13029,473.282491,6.573803931,7.414575741,6.143021015,0.029870288
145,0.35,0.02,0.33,0.6,0.1,3.507735589,1.513069442,0.983495137,0.529574305,17.66139101,30208.51569,487.6156456,6.603667814,7.444498182,6.172884898,0.029863883
146,0.35,0.02,0.33,0.6,0.1,3.508030376,1.513111402,0.983522411,0.529588991,18.01461883,31748.34245,502.3803379,6.63352554,7.474412211,6.202742624,0.029857726
147,0.35,0.02,0.33,0.6,0.1,3.508313836,1.513151748,0.983548636,0.529603112,18.3749112,33366.38935,517.5895839,6.663377345,7.504318153,6.232594429,0.029851805
148,0.35,0.02,0.33,0.6,0.1,3.508586407,1.513190542,0.983573853,0.52961669,18.74240943,35066.62694,533.2567922,6.693223458,7.534216318,6.262440542,0.029846113
149,0.35,0.02,0.33,0.6,0.1,3.508848505,1.513227844,0.983598099,0.529629745,19.11725761,36853.22733,549.3957755,6.723064099,7.564107007,6.292281183,0.02984064
150,0.35,0.02,0.33,0.6,0.1,3.509100533,1.513263711,0.983621412,0.529642299,19.49960277,38730.57434,566.0207628,6.752899477,7.593990507,6.322116561,0.029835378
151,0.35,0.02,0.33,0.6,0.1,3.509342877,1.513298198,0.983643829,0.529654369,19.88959482,40703.27431,583.1464123,6.782729797,7.623867096,6.351946881,0.029830319
152,0.35,0.02,0.33,0.6,0.1,3.50957591,1.513331358,0.983665383,0.529665975,20.28738672,42776.16737,600.7878238,6.812555252,7.65373704,6.381772336,0.029825455
153,0.35,0.02,0.33,0.6,0.1,3.509799988,1.513363243,0.983686108,0.529677135,20.69313445,44954.33931,618.9605525,6.84237603,7.683600595,6.411593114,0.029820778
154,0.35,0.02,0.33,0.6,0.1,3.510015455,1.513393901,0.983706036,0.529687865,21.10699714,47243.13403,637.6806226,6.872192312,7.713458007,6.441409396,0.029816282
155,0.35,0.02,0.33,0.6,0.1,3.510222643,1.51342338,0.983725197,0.529698183,21.52913708,49648.16668,656.9645413,6.90200427,7.743309513,6.471221354,0.029811958
156,0.35,0.02,0.33,0.6,0.1,3.51042187,1.513451725,0.983743621,0.529708104,21.95971983,52175.33737,676.8293132,6.931812072,7.77315534,6.501029156,0.029807801
157,0.35,0.02,0.33,0.6,0.1,3.51061344,1.51347898,0.983761337,0.529717643,22.39891422,54830.8457,697.292456,6.961615877,7.802995707,6.53083296,0.029803805
158,0.35,0.02,0.33,0.6,0.1,3.510797648,1.513505187,0.983778371,0.529726815,22.84689251,57621.20588,718.3720153,6.991415838,7.832830824,6.560632922,0.029799962
159,0.35,0.02,0.33,0.6,0.1,3.510974777,1.513530385,0.98379475,0.529735635,23.30383036,60553.26278,740.0865805,7.021212105,7.862660893,6.590429189,0.029796267
160,0.35,0.02,0.33,0.6,0.1,3.511145099,1.513554614,0.983810499,0.529744115,23.76990696,63634.20866,762.4553017,7.05100482,7.892486109,6.620221904,0.029792714
161,0.35,0.02,0.33,0.6,0.1,3.511308875,1.513577912,0.983825643,0.529752269,24.2453051,66871.60081,785.4979064,7.080794118,7.922306659,6.650011202,0.029789299
162,0.35,0.02,0.33,0.6,0.1,3.511466357,1.513600313,0.983840204,0.52976011,24.73021121,70273.38007,809.2347165,7.110580133,7.952122722,6.679797217,0.029786014
163,0.35,0.02,0.33,0.6,0.1,3.511617786,1.513621853,0.983854204,0.529767648,25.22481543,73847.89034,833.6866668,7.140362989,7.981934471,6.709580073,0.029782857
164,0.35,0.02,0.33,0.6,0.1,3.511763395,1.513642564,0.983867667,0.529774897,25.72931174,77603.89897,858.8753231,7.17014281,8.011742073,6.739359894,0.02977982
165,0.35,0.02,0.33,0.6,0.1,3.511903408,1.513662479,0.983880611,0.529781868,26.24389797,81550.61829,884.8229016,7.199919711,8.041545686,6.769136794,0.029776901
166,0.35,0.02,0.33,0.6,0.1,3.51203804,1.513681628,0.983893058,0.52978857,26.76877593,85697.7282,911.552288,7.229693805,8.071345464,6.798910888,0.029774094
167,0.35,0.02,0.33,0.6,0.1,3.512167496,1.51370004,0.983905026,0.529795014,27.30415145,90055.39988,939.0870581,7.2594652,8.101141556,6.828682284,0.029771395
168,0.35,0.02,0.33,0.6,0.1,3.512291977,1.513717744,0.983916534,0.52980121,27.85023448,94634.32074,967.4514983,7.289234,8.130934102,6.858451084,0.0297688
169,0.35,0.02,0.33,0.6,0.1,3.512411674,1.513734767,0.983927599,0.529807169,28.40723917,99445.7206,996.6706273,7.319000305,8.16072324,6.888217389,0.029766305
170,0.35,0.02,0.33,0.6,0.1,3.512526769,1.513751136,0.983938238,0.529812898,28.97538395,104501.3992,1026.770218,7.34876421,8.1905091,6.917981294,0.029763906
171,0.35,0.02,0.33,0.6,0.1,3.51263744,1.513766875,0.983948469,0.529818406,29.55489163,109813.7553,1057.776821,7.378525809,8.220291809,6.947742893,0.029761599
172,0.35,0.02,0.33,0.6,0.1,3.512743858,1.513782009,0.983958306,0.529823703,30.14598947,115395.8167,1089.717786,7.408285191,8.250071487,6.977502274,0.029759381
173,0.35,0.02,0.33,0.6,0.1,3.512846185,1.513796561,0.983967764,0.529828796,30.74890925,121261.2727,1122.621288,7.438042439,8.279848253,7.007259523,0.029757248
174,0.35,0.02,0.33,0.6,0.1,3.512944578,1.513810553,0.983976859,0.529833694,31.36388744,127424.507,1156.516351,7.467797637,8.309622217,7.037014721,0.029755198
175,0.35,0.02,0.33,0.6,0.1,3.51303919,1.513824007,0.983985605,0.529838402,31.99116519,133900.6337,1191.432875,7.497550863,8.339393487,7.066767947,0.029753226
176,0.35,0.02,0.33,0.6,0.1,3.513130164,1.513836944,0.983994013,0.52984293,32.63098849,140705.5337,1227.401661,7.527302193,8.369162168,7.096519277,0.02975133
177,0.35,0.02,0.33,0.6,0.1,3.513217642,1.513849383,0.984002099,0.529847284,33.28360826,147855.8941,1264.454438,7.557051701,8.398928359,7.126268785,0.029749508
178,0.35,0.02,0.33,0.6,0.1,3.513301756,1.513861344,0.984009873,0.52985147,33.94928043,155369.2488,1302.623892,7.586799456,8.428692155,7.15601654,0.029747755
179,0.35,0.02,0.33,0.6,0.1,3.513382638,1.513872844,0.984017349,0.529855496,34.62826604,163264.0217,1341.943695,7.616545526,8.458453649,7.18576261,0.02974607
180,0.35,0.02,0.33,0.6,0.1,3.51346041,1.513883903,0.984024537,0.529859366,35.32083136,171559.5717,1382.448533,7.646289975,8.488212929,7.215507059,0.029744449
181,0.35,0.02,0.33,0.6,0.1,3.513535192,1.513894536,0.984031449,0.529863088,36.02724798,180276.2402,1424.174138,7.676032866,8.51797008,7.24524995,0.029742891
182,0.35,0.02,0.33,0.6,0.1,3.5136071,1.513904761,0.984038094,0.529866666,36.74779294,189435.401,1467.157321,7.705774259,8.547725186,7.274991343,0.029741393
183,0.35,0.02,0.33,0.6,0.1,3.513676243,1.513914592,0.984044485,0.529870107,37.4827488,199059.5127,1511.435999,7.735514212,8.577478323,7.304731296,0.029739953
184,0.35,0.02,0.33,0.6,0.1,3.513742728,1.513924045,0.984050629,0.529873416,38.23240378,209172.1739,1557.049237,7.76525278,8.607229568,7.334469863,0.029738568
185,0.35,0.02,0.33,0.6,0.1,3.513806657,1.513933135,0.984056537,0.529876597,38.99705185,219798.1806,1604.037274,7.794990015,8.636978994,7.364207099,0.029737236
186,0.35,0.02,0.33,0.6,0.1,3.513868129,1.513941875,0.984062219,0.529879656,39.77699289,230963.5875,1652.441563,7.824725971,8.66672667,7.393943054,0.029735955
187,0.35,0.02,0.33,0.6,0.1,3.513927237,1.513950279,0.984067681,0.529882598,40.57253275,242695.7714,1702.304808,7.854460695,8.696472664,7.423677778,0.029734724
188,0.35,0.02,0.33,0.6,0.1,3.513984073,1.513958359,0.984072934,0.529885426,41.3839834,255023.499,1753.670999,7.884194235,8.726217041,7.453411319,0.02973354
189,0.35,0.02,0.33,0.6,0.1,3.514038725,1.513966129,0.984077984,0.529888145,42.21166307,267976.9965,1806.585454,7.913926636,8.755959863,7.48314372,0.029732402
190,0.35,0.02,0.33,0.6,0.1,3.514091275,1.513973601,0.98408284,0.52989076,43.05589633,281588.0245,1861.094855,7.943657944,8.785701189,7.512875027,0.029731307
191,0.35,0.02,0.33,0.6,0.1,3.514141804,1.513980785,0.98408751,0.529893275,43.91701426,295889.9553,1917.247293,7.973388198,8.815441078,7.542605282,0.029730255
192,0.35,0.02,0.33,0.6,0.1,3.514190392,1.513987692,0.984092,0.529895692,44.79535455,310917.8552,1975.092309,8.003117441,8.845179584,7.572334525,0.029729243
193,0.35,0.02,0.33,0.6,0.1,3.514237111,1.513994335,0.984096317,0.529898017,45.69126164,326708.57,2034.680936,8.032845711,8.874916761,7.602062794,0.02972827
194,0.35,0.02,0.33,0.6,0.1,3.514282034,1.514000721,0.984100469,0.529900252,46.60508687,343300.8156,2096.065748,8.062573045,8.90465266,7.631790128,0.029727334
195,0.35,0.02,0.33,0.6,0.1,3.51432523,1.514006862,0.984104461,0.529902402,47.53718861,360735.2729,2159.300901,8.092299479,8.934387329,7.661516563,0.029726434
196,0.35,0.02,0.33,0.6,0.1,3.514366765,1.514012767,0.984108299,0.529904469,48.48793238,379054.6874,2224.442187,8.122025048,8.964120817,7.691242132,0.029725569
197,0.35,0.02,0.33,0.6,0.1,3.514406704,1.514018445,0.984111989,0.529906456,49.45769103,398303.974,2291.547077,8.151749786,8.993853169,7.72096687,0.029724738
198,0.35,0.02,0.33,0.6,0.1,3.514445107,1.514023905,0.984115538,0.529908367,50.44684485,418530.3272,2360.674777,8.181473724,9.023584428,7.750690808,0.029723938
199,0.35,0.02,0.33,0.6,0.1,3.514482034,1.514029154,0.98411895,0.529910204,51.45578174,439783.337,2431.886278,8.211196893,9.053314637,7.780413976,0.029723169
200,0.35,0.02,0.33,0.6,0.1,3.51451754,1.514034202,0.984122231,0.529911971,52.48489738,462115.1097,2505.244407,8.240919322,9.083043835,7.810136406,0.029722429